Patient,MAGEA9,MAGEA10,MAGEA4,MAGEA8,MAGEA2B,MAGEA13P,MAGEA11,MAGEA6,MAGEA1,MAGEA12,MAGEA3,MAGEA7P,MAGEA4-AS1,MAGEA8-AS1,MAGEA5,MAGEA10-MAGEA5,MAGEA9B,MAGEA2
TCGA-D8-A146-01A-31R-A115-07,0,0,0,2,0,0,0,0,0,0,0,0,0,1,1,0,0,0
TCGA-AQ-A0Y5-01A-11R-A14M-07,0,1,1,9,0,0,2,0,0,1,0,0,1,1,1,1,0,0
TCGA-C8-A274-01A-11R-A16F-07,0,4,17,79,0,0,0,0,2274,0,0,0,0,22,2,7,0,0
TCGA-B6-A1KC-01B-11R-A157-07,0,0,33,12,0,0,1,0,0,1,0,0,0,1,2,6,1,0
TCGA-A2-A0YM-01A-11R-A109-07,0,0,0,22,0,0,2,0,0,0,0,0,2,7,1,0,0,0
TCGA-AO-A03N-01B-11R-A10J-07,0,0,0,0,0,0,0,23,304,7,0,0,0,0,0,0,0,0
TCGA-E2-A1LI-01A-12R-A157-07,2,0,435,4,0,0,0,0,0,2,0,0,35,6,0,0,131,0
TCGA-BH-A18L-11A-42R-A12D-07,0,0,0,9,0,0,0,0,0,0,0,0,0,0,0,3,0,0
TCGA-B6-A0WV-01A-11R-A109-07,0,0,0,2,0,0,5,0,1,1,2,0,0,1,0,0,0,0
TCGA-E2-A1LE-01A-12R-A19W-07,0,0,20,5,0,0,6,5,35,1198,0,0,1,1,1,1,0,0
TCGA-AN-A0AK-01A-21R-A00Z-07,0,0,0,7,0,0,4,26,100,93,311,0,0,0,0,0,0,2
TCGA-3C-AALJ-01A-31R-A41B-07,0,0,1,2,0,0,0,0,5,0,0,0,0,3,0,0,0,0
TCGA-AO-A03O-01A-11R-A00Z-07,0,0,0,1,0,0,0,0,0,0,0,1,0,0,0,0,0,0
TCGA-E9-A22A-01A-11R-A157-07,0,2,0,2,0,0,12,0,0,2,0,0,0,0,0,0,0,0
TCGA-AR-A0TW-01A-11R-A084-07,0,0,0,3,0,0,4,115,24,56,113,0,0,1,0,0,0,0
TCGA-BH-A1FE-01A-11R-A13Q-07,0,0,6,3,0,0,3,0,0,0,0,0,0,1,0,0,0,0
TCGA-BH-A1FE-11B-14R-A13Q-07,0,2,0,8,0,0,0,0,0,0,0,0,0,9,0,0,0,0
TCGA-A2-A3XX-01A-21R-A239-07,0,28,65,1,0,0,1,0,0,0,0,0,8,2,0,0,0,0
TCGA-AN-A0FL-01A-11R-A034-07,0,0,3,1474,0,0,84,0,0,0,0,0,0,29,0,0,0,0
TCGA-D8-A1Y2-01A-11R-A157-07,0,0,3,1,0,0,0,1,293,0,0,0,0,0,0,0,0,0
TCGA-C8-A138-01A-11R-A115-07,0,0,0,12,2,0,36,27,8,103,66,0,0,1,0,0,0,0
TCGA-AR-A255-01A-11R-A169-07,0,0,1,3,0,0,0,0,11,1,0,0,1,0,0,0,0,0
TCGA-E2-A108-01A-13R-A10J-07,0,2,2,0,0,0,2,1,19,0,0,0,0,0,0,1,0,0
TCGA-E2-A1IN-01A-11R-A13Q-07,0,0,0,1,0,0,2,0,330,5,0,0,0,0,0,0,0,0
TCGA-E9-A1QZ-01A-21R-A169-07,0,0,0,0,0,0,0,3,93,2,3,0,0,0,0,0,0,0
TCGA-BH-A0W7-01A-11R-A115-07,0,0,0,0,0,0,0,0,4,0,0,0,0,0,0,0,0,0
TCGA-A2-A0YT-01A-11R-A109-07,1,0,3,8,0,0,26,8,7,7,21,0,1,0,0,0,0,0
TCGA-C8-A131-01A-11R-A115-07,0,0,16,0,0,0,0,77,1,0,112,0,0,0,0,1,0,0
TCGA-3C-AALK-01A-11R-A41B-07,0,0,1,2,0,0,0,0,0,0,0,0,1,3,0,0,0,0
TCGA-A2-A0CV-01A-31R-A115-07,0,0,0,12,0,0,0,0,44,0,0,0,0,5,0,0,0,0
TCGA-C8-A12Q-01A-11R-A115-07,0,1349,10,33,2,0,1,711,4,413,648,0,0,8,11,26,0,3
TCGA-BH-A1F6-11B-94R-A13Q-07,0,2,0,4,0,1,3,0,0,0,0,1,0,3,0,3,0,0
TCGA-AN-A0XP-01A-11R-A109-07,0,1,0,14,0,0,0,0,8,0,0,0,0,11,0,0,0,0
TCGA-AN-A046-01A-21R-A034-07,0,0,0,17,0,0,0,0,0,0,0,0,0,5,0,0,0,0
TCGA-A7-A4SF-01A-11R-A266-07,0,0,0,6,0,0,0,1,3,0,9,0,0,5,0,0,0,0
TCGA-LL-A740-01A-21R-A32P-07,0,2,0,0,0,0,3,14,17,9,23,0,0,1,0,1,1,2
TCGA-E9-A1N6-11A-32R-A144-07,1,1,0,3,0,0,0,0,4,0,0,0,0,2,0,0,0,0
TCGA-EW-A6SB-01A-12R-A32P-07,0,0,0,1,0,0,1,0,2,2,0,0,0,2,0,0,0,0
TCGA-A2-A0EV-01A-11R-A034-07,0,136,2,6,0,1,1921,2292,704,1791,2035,0,0,0,0,0,0,12
TCGA-AR-A0U4-01A-11R-A109-07,0,0,0,3,0,0,0,0,1,0,0,0,0,1,0,0,0,0
TCGA-PL-A8LY-01A-11R-A41B-07,0,0,0,1,0,0,0,0,0,0,0,0,0,0,0,0,0,0
TCGA-A7-A0CH-11A-32R-A089-07,0,0,7,10,0,0,15,3,1,0,5,0,1,0,0,5,3,0
TCGA-D8-A1JA-01A-11R-A13Q-07,0,0,0,3,0,0,0,0,3,0,0,0,0,2,0,0,0,0
TCGA-A1-A0SO-01A-22R-A084-07,0,0,5115,1,15,0,0,2819,1,9,590,0,37,0,0,0,0,14
TCGA-BH-A18N-11A-43R-A12D-07,0,2,0,9,0,0,0,0,0,0,0,1,0,5,0,0,0,0
TCGA-A7-A13G-11A-51R-A13Q-07,0,1,0,2,0,0,0,0,0,0,0,0,0,0,0,0,0,0
TCGA-A7-A26J-01A-11R-A277-07,0,0,0,0,0,0,0,0,108,0,0,0,0,0,0,0,0,0
TCGA-GM-A2D9-01A-11R-A18M-07,0,0,0,17,0,0,1,0,1,0,0,0,0,8,0,0,0,0
TCGA-LL-A5YP-01A-21R-A28M-07,0,0,1,0,0,0,0,0,0,0,0,0,1,0,0,0,0,0
TCGA-A7-A26J-01B-02R-A277-07,0,1,0,9,0,0,1,0,19,1,0,0,0,1,0,0,1,0
TCGA-E2-A1IU-01A-11R-A14D-07,0,0,1,4,0,0,13,30,38,30,0,0,0,2,0,0,0,0
TCGA-B6-A0IQ-01A-11R-A034-07,32,0,0,30,0,0,6,0,0,0,0,0,0,19,1,1,28,0
TCGA-BH-A5IZ-01A-11R-A27Q-07,0,0,0,0,0,0,0,0,0,0,0,0,0,0,0,0,0,0
TCGA-BH-A204-01A-11R-A157-07,0,0,0,0,0,0,3,210,3,36,110,0,0,3,0,0,0,1
TCGA-LL-A7SZ-01A-32R-A352-07,0,0,1,0,0,0,3,0,0,0,1,0,2,1,0,0,1,0
TCGA-D8-A1XZ-01A-11R-A14M-07,0,0,0,296,0,0,703,382,781,15,382,0,0,2,1,1,0,0
TCGA-E2-A1LL-01A-11R-A144-07,0,0,0,1,10,0,2,2868,3,1787,1624,0,0,0,0,0,0,22
TCGA-S3-AA12-01A-11R-A41B-07,0,0,0,11,0,0,12,17,3386,43,38,0,0,4,0,0,0,0
TCGA-A7-A13F-11A-42R-A12P-07,0,1,0,5,0,0,0,0,0,0,0,0,0,4,0,0,0,0
TCGA-A2-A3XY-01A-11R-A239-07,0,0,82,0,0,0,0,0,0,0,0,0,26,0,0,0,0,0
TCGA-E2-A15J-01A-11R-A12P-07,0,0,4,6,0,0,0,0,0,1,0,1,0,5,0,0,0,0
TCGA-E2-A1IE-01A-11R-A13Q-07,0,0,0,3,0,0,0,0,1,0,0,0,0,0,0,0,0,0
TCGA-BH-A1F0-11B-23R-A137-07,0,0,0,4,0,0,1,0,0,1,0,1,0,1,0,1,0,0
TCGA-AR-A24L-01A-11R-A169-07,0,0,0,11,1,0,0,26,270,149,51,0,1,6,0,0,0,0
TCGA-BH-A0B7-11A-34R-A115-07,0,0,0,9,0,0,0,0,0,0,0,3,0,2,0,0,0,0
TCGA-A1-A0SJ-01A-11R-A084-07,0,0,1,3,0,0,0,0,46,1,0,0,0,2,0,0,0,0
TCGA-S3-AA10-01A-21R-A41B-07,0,0,0,5,0,0,0,39,0,0,897,0,0,1,0,0,0,0
TCGA-BH-A0BT-11A-21R-A12P-07,0,3,8,5,0,0,0,0,0,0,1,1,0,3,0,0,1,0
TCGA-AR-A1AJ-01A-21R-A12P-07,0,0,0,7,0,0,4,0,0,1,0,0,0,4,0,0,0,0
TCGA-E9-A244-01A-11R-A169-07,0,1,0,0,0,0,0,0,0,0,0,0,0,0,0,0,0,0
TCGA-AO-A1KT-01A-11R-A13Q-07,0,0,0,3,0,0,8,0,14,0,1,0,0,1,0,0,0,0
TCGA-E2-A1LK-01A-21R-A14D-07,0,0,0,1,0,0,0,0,0,0,0,0,0,0,0,1,0,0
TCGA-E2-A14R-01A-11R-A115-07,0,0,380,0,0,0,0,137,1,0,20,0,26,1,2,0,107,0
TCGA-A7-A5ZW-01A-12R-A29R-07,0,0,0,5,0,0,0,0,0,0,0,0,0,1,0,0,0,0
TCGA-BH-A1FL-01A-11R-A13Q-07,0,1,0,8,0,0,2,0,26,0,0,0,0,0,0,0,0,0
TCGA-A2-A0ST-01A-12R-A084-07,0,1,833,2,2,0,0,883,0,260,186,0,21,2,0,1,233,0
TCGA-E9-A22H-01A-11R-A157-07,0,0,0,5,0,0,1,0,7,0,0,0,0,1,0,0,0,0
TCGA-A1-A0SI-01A-11R-A144-07,0,0,0,11,0,0,0,0,5,4,0,0,0,0,0,1,0,0
TCGA-E2-A15K-01A-11R-A12P-07,1,12,5,5,1,0,264,174,8,86,87,0,0,1,0,0,1,1
TCGA-E2-A15K-06A-11R-A12P-07,0,3,0,2,0,0,8,0,14,59,13,0,0,0,0,0,0,0
TCGA-E9-A1NG-01A-21R-A14M-07,0,0,0,2,0,0,1,0,2,9,0,0,0,1,0,0,0,0
TCGA-AR-A1AW-01A-21R-A12P-07,0,0,0,4,0,0,7,0,0,0,0,0,0,2,0,0,0,0
TCGA-D8-A1JK-01A-11R-A13Q-07,0,13,3187,2457,5,0,5,4063,5,2341,4279,1,15,35,1,2,0,10
TCGA-3C-AALI-01A-11R-A41B-07,0,0,0,3,2,0,2,1546,1,1114,180,0,0,1,0,0,0,5
TCGA-AC-A7VB-01A-11R-A352-07,0,1,0,5,0,0,78,0,1,1,0,0,0,1,0,0,0,0
TCGA-AC-A6NO-01A-12R-A33J-07,1,0,0,3,0,0,0,0,1,0,0,0,0,0,0,0,0,0
TCGA-BH-A0DO-01B-11R-A12D-07,0,0,0,5,0,0,0,0,0,0,0,0,0,0,0,0,0,0
TCGA-AO-A0JL-01A-11R-A056-07,0,0,0,0,0,0,5,133,0,0,289,0,0,1,0,0,0,0
TCGA-A7-A0CJ-01A-21R-A00Z-07,0,0,0,7,0,0,0,0,0,0,0,0,0,2,0,1,0,0
TCGA-E2-A1LH-01A-11R-A14D-07,3,367,978,2,1,0,2,612,0,0,750,0,81,0,2,2,165,1
TCGA-BH-A0DG-11A-43R-A12P-07,0,0,1,19,0,0,0,0,0,0,0,0,0,2,0,0,0,0
TCGA-AO-A03T-01A-21R-A034-07,0,0,0,2,0,0,0,68,11,93,85,0,0,0,0,0,0,0
TCGA-C8-A26Y-01A-11R-A16F-07,1,1135,2862,3,11,0,25,11961,4291,7070,13687,2,50,2,4,4,146,36
TCGA-D8-A1JI-01A-11R-A13Q-07,0,1,0,2,0,0,0,0,0,1,1,0,0,0,0,0,0,0
TCGA-BH-A1FM-01A-11R-A13Q-07,0,0,5,7,0,0,16,0,9,11,0,0,0,0,0,0,0,0
TCGA-B6-A0I9-01A-11R-A034-07,1,46,24,29,10,0,1846,9519,5,3254,10342,1,0,8,0,0,0,26
TCGA-AC-A23H-11A-12R-A157-07,1,1,0,8,0,0,0,0,0,0,0,0,0,4,2,1,0,0
TCGA-GM-A2DN-01A-11R-A180-07,0,0,0,0,0,0,0,0,0,1,0,0,0,0,0,0,0,0
TCGA-A7-A13E-11A-61R-A12P-07,0,2,0,0,0,0,0,0,0,0,0,0,0,1,0,0,0,0
TCGA-A7-A13E-01B-06R-A277-07,0,1,0,4,0,0,0,0,0,0,0,0,0,3,1,0,0,0
TCGA-D8-A142-01A-11R-A115-07,0,424,9882,94,4,0,4,3117,0,2489,3506,0,276,6,0,2,1,8
TCGA-A2-A0CS-01A-11R-A115-07,0,0,0,2,0,0,0,0,0,0,0,0,0,1,0,0,0,0
TCGA-D8-A1Y0-01A-11R-A14M-07,0,0,0,1,0,0,0,0,172,0,0,0,0,1,0,1,0,0
TCGA-E9-A22D-01A-11R-A157-07,0,0,1,3,0,0,0,0,0,1,0,0,0,1,0,0,0,0
TCGA-BH-A0C7-01B-11R-A115-07,0,0,0,18,0,0,0,0,99,0,0,0,0,11,0,0,0,0
TCGA-A7-A2KD-01A-31R-A21T-07,1,0,0,1,0,0,0,0,2,2,0,0,0,3,0,0,0,0
TCGA-S3-AA14-01A-11R-A41B-07,0,0,0,41,0,0,213,0,1,0,1,0,0,12,0,0,0,0
TCGA-E9-A1RB-01A-11R-A157-07,0,0,3,6,0,0,0,0,0,4,0,0,1,2,0,0,0,0
TCGA-D8-A1XK-01A-21R-A14M-07,0,1,0,3,0,0,0,0,0,0,0,0,0,1,0,0,0,0
TCGA-OL-A66I-01A-21R-A29R-07,0,0,0,1,0,0,0,1,0,0,0,0,0,2,0,0,0,0
TCGA-A2-A0CT-01A-31R-A056-07,0,3,31,5,0,0,15,10,7,1,14,0,2,1,0,0,2,0
TCGA-BH-A0AU-11A-11R-A12P-07,0,1,0,17,0,0,0,0,0,0,0,1,0,4,0,0,0,0
TCGA-D8-A1XQ-01A-11R-A14M-07,0,0,0,11,0,0,0,79,5,26,157,1,0,3,0,0,0,1
TCGA-C8-A135-01A-11R-A115-07,0,0,4,2,0,0,3,0,0,0,2,0,0,0,0,0,0,0
TCGA-D8-A1X9-01A-12R-A157-07,0,0,0,16,0,0,11,0,30,4,5,0,0,13,0,0,0,0
TCGA-AO-A0JE-01A-11R-A056-07,0,1,51,0,0,0,13,7,649,0,8,0,0,1,2,3,0,0
TCGA-EW-A1IY-01A-11R-A13Q-07,0,0,5,2,0,0,1,0,0,1,0,0,0,1,0,0,0,0
TCGA-E9-A1RH-11A-34R-A169-07,0,0,0,2,0,0,0,8,0,2,4,0,0,5,1,0,0,0
TCGA-E9-A1RH-01A-21R-A169-07,0,0,5,3,2,0,0,5343,15,1318,5673,0,0,0,3,3,0,0
TCGA-BH-A1EV-01A-11R-A137-07,0,0,0,37,0,0,2,0,2,0,0,0,0,15,0,0,1,0
TCGA-BH-A1EV-11A-24R-A137-07,0,2,0,7,0,0,4,1,0,0,0,0,0,5,1,0,1,0
TCGA-C8-A1HO-01A-11R-A13Q-07,0,0,0,2,0,0,1,0,0,1,1,0,0,0,0,0,0,0
TCGA-A7-A0DA-01A-31R-A115-07,0,0,0,10,0,0,2,0,0,0,0,0,0,0,0,2,0,0
TCGA-B6-A0IK-01A-12R-A056-07,0,0,3,1,0,0,0,0,2,5,1,0,0,0,0,0,0,0
TCGA-A2-A0D4-01A-11R-A00Z-07,6,0,22,15,0,0,4,104,81,71,85,0,0,8,0,0,0,1
TCGA-AC-A8OP-01A-11R-A36F-07,0,0,0,1,0,0,6,711,3,46,21,0,0,0,0,0,0,6
TCGA-LL-A442-01A-11R-A24H-07,0,0,0,5,0,0,0,0,3,0,0,0,0,0,0,0,0,0
TCGA-D8-A143-01A-11R-A115-07,0,1,0,1,0,0,0,623,1,93,1473,0,0,1,0,0,0,1
TCGA-BH-A1FD-11B-21R-A13Q-07,0,0,0,3,0,0,0,0,0,0,0,0,0,4,0,0,0,0
TCGA-E2-A1IG-11A-22R-A144-07,0,0,0,6,0,0,0,0,0,0,0,0,0,2,0,0,0,0
TCGA-E2-A572-01A-13R-A31O-07,0,0,0,0,0,0,0,0,0,0,0,0,0,1,0,0,0,0
TCGA-A2-A259-01A-11R-A16F-07,0,0,0,1,0,0,48,0,0,0,0,0,0,1,0,0,0,0
TCGA-B6-A1KI-01A-11R-A14M-07,0,0,0,25,0,0,2,0,0,0,0,0,0,7,0,0,0,0
TCGA-BH-A0DI-01A-21R-A12P-07,0,0,13,3,0,0,1,1,1,0,0,0,0,1,0,1,0,0
TCGA-BH-A0W5-01A-11R-A109-07,0,0,0,1,0,0,9,0,0,4,0,0,0,1,0,0,0,0
TCGA-AO-A0JD-01A-11R-A056-07,0,72,47,32,2,0,23,224,3939,433,599,1,0,2,0,2,0,5
TCGA-D8-A1JG-01B-11R-A13Q-07,0,0,26,2,0,0,1,0,0,0,8,0,0,0,0,4,0,0
TCGA-BH-A0BW-11A-12R-A115-07,0,4,0,5,0,0,1,129,0,0,18,0,0,3,0,0,0,0
TCGA-E2-A15T-01A-11R-A115-07,0,0,0,4,0,0,1,0,0,0,0,0,0,0,0,0,0,0
TCGA-AO-A128-01A-11R-A10J-07,0,2,0,104,0,0,757,5087,3311,3,3043,1,0,1,0,1,0,1
TCGA-AN-A0FZ-01A-11R-A034-07,0,178,5706,24,15,0,0,6967,3961,4750,7157,0,61,7,0,0,0,32
TCGA-A1-A0SH-01A-11R-A084-07,0,0,0,7,0,0,0,0,0,0,0,0,0,2,0,0,0,0
TCGA-E2-A14V-01A-11R-A12D-07,0,0,0,11,0,0,0,0,4,2,2,0,0,7,0,0,0,0
TCGA-BH-A1FB-01A-11R-A13Q-07,0,0,0,12,0,0,1,0,1,0,0,0,0,6,1,0,0,0
TCGA-D8-A1XD-01A-11R-A14D-07,0,0,0,20,0,0,6,0,8,2,0,1,0,3,0,0,0,0
TCGA-C8-A278-01A-11R-A169-07,0,1,22,2,0,0,2,0,0,0,0,0,0,1,0,0,0,0
TCGA-A2-A0EQ-01A-11R-A034-07,0,0,5,2,0,0,44,0,4,1,1,0,0,0,0,0,0,0
TCGA-AR-A0U2-01A-11R-A109-07,0,329,0,0,0,0,0,2480,30,1735,2852,0,1,0,0,4,0,17
TCGA-BH-A18T-01A-11R-A12D-07,0,0,0,3,0,0,6,0,0,0,0,0,0,1,1,0,0,0
TCGA-BH-A1F5-01A-12R-A13Q-07,0,0,0,9,0,0,9,0,0,0,0,0,0,7,0,0,0,0
TCGA-EW-A1P8-01A-11R-A144-07,0,2,0,8,0,0,4,0,0,1,0,0,0,2,0,1,0,0
TCGA-B6-A0RO-01A-22R-A084-07,0,0,0,1,0,0,0,0,6,0,0,0,0,0,0,0,0,0
TCGA-E2-A15I-11A-32R-A137-07,0,0,0,0,0,0,0,0,0,0,0,0,0,1,4,1,0,0
TCGA-E2-A15I-01A-21R-A137-07,0,0,0,6,0,0,1,18,424,3,3,0,0,3,0,0,0,0
TCGA-AR-A24S-01A-11R-A169-07,0,25,198,4,1,0,123,1451,1822,2260,3440,0,15,3,1,2,19,6
TCGA-A2-A0ER-01A-21R-A034-07,0,0,0,6,0,0,3,0,10,0,0,0,0,3,0,0,0,0
TCGA-E2-A1B0-01A-11R-A12P-07,0,0,0,3,0,0,2,455,1,172,410,0,0,0,0,0,0,5
TCGA-AO-A12A-01A-21R-A115-07,0,3,3,3,0,0,0,0,12,1,1,0,0,1,0,6,1,0
TCGA-A2-A0D2-01A-21R-A034-07,190,1,35,2,0,0,0,5992,0,1,6682,0,5,2,2,1,172,7
TCGA-E9-A24A-01A-11R-A169-07,0,1,0,5,1,0,0,0,15,2,0,0,0,3,0,0,0,0
TCGA-BH-A1EW-11B-33R-A137-07,0,3,0,24,0,0,0,0,0,0,0,1,0,13,0,0,0,0
TCGA-LL-A441-01A-11R-A24H-07,0,1,1,15,0,0,1,6,0,1,5,0,0,2,3,2,1,0
TCGA-BH-A0H3-01A-11R-A12P-07,0,0,0,1,0,0,1,0,0,0,0,0,0,2,0,0,0,1
TCGA-A7-A26J-01A-11R-A169-07,0,0,0,3,0,0,0,0,125,0,0,0,0,2,0,0,0,0
TCGA-D8-A1JE-01A-11R-A13Q-07,0,0,1,1,0,0,0,0,0,0,0,0,0,3,0,0,0,0
TCGA-AO-A03L-01A-41R-A056-07,0,0,0,19,0,0,2,0,9,0,0,0,0,10,0,0,0,0
TCGA-AN-A0FS-01A-11R-A034-07,0,0,0,22,0,0,0,0,2,0,0,0,0,6,0,0,0,1
TCGA-AN-A0AM-01A-11R-A034-07,0,0,0,0,0,0,1,7,9,1257,2,0,1,1,0,0,0,0
TCGA-V7-A7HQ-01A-11R-A33J-07,0,0,0,0,0,0,2,0,0,0,0,0,0,0,0,0,0,0
TCGA-GM-A3XL-01A-11R-A22U-07,0,4,4,3,0,0,1,0,0,0,0,0,0,0,0,1,0,0
TCGA-D8-A1XY-01A-11R-A14M-07,0,1,0,10,0,0,0,7,0,31,11,0,0,2,0,0,0,0
TCGA-B6-A0IO-01A-11R-A034-07,0,0,8,12,0,0,4,1,24,0,5,0,0,10,0,0,0,0
TCGA-C8-A137-01A-11R-A115-07,0,0,0,0,0,0,6,0,0,0,0,0,0,0,0,0,0,0
TCGA-LL-A73Z-01A-11R-A32P-07,2,1,172,2,0,0,0,604,1,1,149,0,0,0,0,0,103,0
TCGA-GM-A2DB-01A-31R-A18M-07,0,1260,841,1,2,0,13,663,151,1439,290,0,33,0,15,14,0,0
TCGA-AN-A0AL-01A-11R-A00Z-07,1,18,2963,15,8,0,0,4917,17,3127,5639,0,60,0,0,2,2,21
TCGA-A2-A0YC-01A-11R-A109-07,0,0,0,9,0,0,0,0,0,3,0,0,0,2,0,0,0,0
TCGA-AO-A0JB-01A-11R-A32Y-07,0,0,0,0,0,0,0,0,0,0,0,0,0,0,0,0,1,0
TCGA-AN-A0XU-01A-11R-A109-07,0,0,0,1,0,0,7,0,0,0,0,0,0,0,0,2,0,0
TCGA-BH-A0W4-01A-11R-A109-07,0,0,0,7,0,0,3,0,0,0,0,0,0,1,0,0,0,0
TCGA-A2-A0D1-01A-11R-A034-07,0,0,0,2,0,0,3,0,0,0,0,0,0,0,0,1,0,0
TCGA-B6-A0WZ-01A-11R-A109-07,0,0,0,9,0,0,0,2,798,0,0,0,0,5,0,0,0,0
TCGA-B6-A0IJ-01A-11R-A034-07,0,0,1,3,0,0,0,0,0,0,0,0,0,2,0,0,0,0
TCGA-B6-A0RE-01A-11R-A056-07,0,0,10,2,0,0,2,10,4,1,5,0,0,0,0,0,0,0
TCGA-AN-A0FY-01A-11R-A034-07,0,1,0,13,0,0,1,0,1,0,0,0,0,5,2,2,0,0
TCGA-A7-A13F-01A-11R-A12P-07,0,0,3,2,0,0,0,0,0,0,0,0,0,0,0,0,0,0
TCGA-BH-A1F0-01A-11R-A137-07,12,1896,9591,12,3,0,232,1784,139,1672,2141,0,163,1,8,4,766,7
TCGA-BH-A0BT-01A-11R-A12P-07,0,285,9,1,2,0,10,369,0,331,440,1,1,0,0,3,0,1
TCGA-OL-A66O-01A-11R-A31O-07,0,1,0,2,0,0,10,0,50,5,5,0,0,1,0,0,0,0
TCGA-BH-A0AZ-11A-22R-A12P-07,0,0,0,21,0,0,0,0,0,1,1,0,0,6,0,0,0,0
TCGA-D8-A1JD-01A-11R-A13Q-07,0,0,0,10,0,0,2,0,0,1,0,0,0,3,0,0,0,0
TCGA-BH-A18K-11A-13R-A12D-07,0,0,0,7,0,0,2,0,0,0,0,0,0,3,1,1,0,0
TCGA-BH-A18K-01A-11R-A12D-07,0,2,9,9,0,0,1,0,208,1,1,0,0,2,2,0,0,0
TCGA-D8-A27F-01A-11R-A16F-07,0,0,1,1,0,0,0,1,0,0,1,0,0,0,0,1,0,0
TCGA-B6-A0IB-01A-11R-A034-07,0,0,1,6,0,0,0,9,351,51,34,0,0,5,0,0,0,0
TCGA-LL-A6FR-01A-12R-A31O-07,0,0,536,0,0,1,1,0,0,1,0,0,91,0,0,0,2,0
TCGA-BH-A1FH-11B-42R-A13Q-07,0,0,0,3,0,0,0,0,0,0,0,0,0,1,0,0,0,0
TCGA-A7-A0D9-01A-31R-A056-07,0,0,17,1,0,0,10,9,5,1,5,0,0,2,0,0,0,0
TCGA-A7-A0D9-11A-53R-A089-07,0,0,5,1,0,0,4,1,2,0,5,0,0,1,0,0,1,0
TCGA-A2-A3Y0-01A-11R-A239-07,69,20,19809,892,0,0,2668,6920,27,0,6821,1,753,21,2,2,8,0
TCGA-E2-A15K-11A-13R-A12P-07,0,0,2,1,0,0,1,0,4,2,0,0,0,0,0,0,0,0
TCGA-D8-A13Y-01A-11R-A115-07,0,0,0,2,0,0,0,1,9,0,0,0,0,1,0,0,0,0
TCGA-B6-A0WS-01A-11R-A115-07,0,0,0,1,0,0,0,0,0,1,0,0,0,0,0,0,0,0
TCGA-A2-A3XV-01A-21R-A239-07,0,0,0,0,0,0,0,0,0,0,0,0,0,0,0,0,0,0
TCGA-E2-A14Y-01A-21R-A12D-07,0,0,0,1,0,0,0,0,0,0,0,0,0,0,0,2,0,0
TCGA-LD-A7W5-01A-22R-A352-07,0,0,0,1,0,0,1,0,2,0,0,0,0,1,0,0,1,0
TCGA-A2-A04V-01A-21R-A034-07,0,0,0,2,0,0,0,0,0,0,0,0,0,2,0,0,0,0
TCGA-BH-A1EU-01A-11R-A137-07,0,0,0,32,0,0,1,0,6,1,0,0,0,6,0,0,0,0
TCGA-BH-A1EU-11A-23R-A137-07,0,1,0,7,0,0,0,0,0,0,0,1,0,1,3,2,0,0
TCGA-D8-A1XT-01A-11R-A14M-07,0,0,0,1,0,0,2,0,0,0,0,0,0,0,1,2,0,0
TCGA-E9-A22E-01A-11R-A157-07,0,0,1,1,0,0,0,5,2296,1,23,0,0,0,0,0,3,0
TCGA-AN-A0FJ-01A-11R-A00Z-07,2,0,0,5,0,0,0,100,0,1,370,0,0,0,0,0,1,1
TCGA-E2-A15H-01A-11R-A12D-07,0,0,0,18,0,0,0,0,0,0,1,0,0,4,0,0,1,0
TCGA-BH-A0DO-11A-22R-A12D-07,0,1,0,6,0,0,0,0,0,0,0,1,0,2,0,1,0,0
TCGA-AR-A24P-01A-11R-A169-07,0,0,0,1,0,0,1,0,5,1,0,0,0,3,1,0,0,0
TCGA-AO-A0J2-01A-11R-A034-07,0,1,1,2,0,0,0,0,0,6,0,0,0,1,4,11,0,0
TCGA-EW-A2FS-01A-11R-A17B-07,0,0,0,8,0,0,16,0,30,36,54,1,0,6,0,0,0,0
TCGA-OL-A6VR-01A-32R-A33J-07,0,1,0,4,0,0,2,0,0,0,1,0,0,2,0,0,0,0
TCGA-D8-A1JF-01A-11R-A13Q-07,0,2,1,11,0,0,0,9,1,63,1,0,0,4,0,2,0,0
TCGA-BH-A0DG-01A-21R-A12P-07,0,0,2,4,0,0,0,0,0,1,0,0,0,0,0,0,0,0
TCGA-OL-A5D8-01A-11R-A27Q-07,0,0,0,12,0,0,9,0,0,1,0,0,0,6,0,0,0,0
TCGA-D8-A27H-01A-11R-A16F-07,0,0,44,11,0,0,2,162,0,0,411,0,3,0,0,0,0,0
TCGA-A2-A1G6-01A-11R-A13Q-07,0,0,0,11,0,0,0,0,0,2,0,0,0,4,0,0,0,0
TCGA-A2-A0YH-01A-11R-A109-07,0,1,2,7,2,0,2,31,19,106,457,0,0,2,0,0,0,0
TCGA-AO-A03V-01A-11R-A115-07,0,3,0,4,0,0,1,0,2604,0,0,0,1,2,0,0,0,0
TCGA-BH-A208-11A-51R-A157-07,1,1,0,9,0,0,0,0,0,0,0,0,0,3,0,0,0,0
TCGA-A7-A26H-01A-11R-A169-07,0,0,0,4,0,0,1,0,562,1,0,2,0,0,0,0,0,0
TCGA-E2-A153-11A-31R-A12D-07,0,1,0,6,0,0,1,0,0,0,0,1,0,1,0,0,0,0
TCGA-E2-A153-01A-12R-A12D-07,0,0,0,1,0,0,3,0,1,0,2,0,0,0,0,0,0,0
TCGA-A2-A1G1-01A-21R-A13Q-07,0,0,14,12,0,0,2,601,0,70,1689,0,0,2,0,1,0,2
TCGA-E2-A1IK-01A-11R-A144-07,0,0,0,1,0,0,0,0,0,0,0,1,0,0,0,0,0,0
TCGA-A2-A0CY-01A-12R-A034-07,0,7,2,2,0,0,0,0,3864,0,0,0,0,2,2,10,1,0
TCGA-AN-A0FT-01A-11R-A034-07,0,0,0,8,0,0,0,1,0,2,2,0,0,5,0,0,0,0
TCGA-E2-A155-01A-11R-A12D-07,0,0,0,41,0,0,15,2,25,1,0,0,0,0,0,0,0,0
TCGA-A2-A0SV-01A-11R-A084-07,0,0,17,5,0,0,15,162,12,329,2138,0,0,0,0,0,0,0
TCGA-E9-A22G-01A-11R-A157-07,0,9,2018,11,2,0,2,60,4,1483,2999,1,63,6,0,0,0,6
TCGA-AR-A0TS-01A-11R-A115-07,0,0,3,2,0,0,1,0,0,0,0,0,1,0,0,2,0,0
TCGA-AN-A0FD-01A-11R-A034-07,1,0,0,2,0,0,0,0,0,0,2,0,0,1,0,0,0,0
TCGA-BH-A0BS-01A-11R-A12P-07,0,0,0,0,0,0,0,0,0,0,0,1,0,0,0,0,0,0
TCGA-S3-AA11-01A-31R-A41B-07,0,0,0,10,0,0,2,0,0,0,0,0,0,0,0,0,0,0
TCGA-BH-A0BZ-01A-31R-A12P-07,0,0,2,18,0,0,2,2,294,11,22,0,0,5,0,0,0,0
TCGA-B6-A0RM-01A-11R-A084-07,0,0,0,13,0,0,19,0,0,0,0,0,0,5,0,0,0,0
TCGA-BH-A1EN-11A-23R-A13Q-07,0,1,0,2,0,0,0,0,0,0,0,0,0,1,0,1,0,0
TCGA-BH-A1EN-01A-11R-A13Q-07,0,0,0,6,0,0,0,0,3,0,0,0,0,0,0,0,0,0
TCGA-C8-A12Y-01A-11R-A12D-07,0,0,0,0,0,0,1,0,91,0,0,0,0,2,0,0,3,0
TCGA-B6-A0WT-01A-11R-A109-07,0,0,0,4,0,0,0,0,74,2,5,0,0,0,0,0,0,0
TCGA-C8-A12V-01A-11R-A115-07,0,0,0,4,0,0,0,14,10,1,19,0,0,2,0,0,0,0
TCGA-EW-A1PC-01B-11R-A21T-07,2,11,148,11,0,0,99,14,88,21,9,1,2,5,4,14,0,0
TCGA-A2-A0EO-01A-11R-A034-07,0,0,0,4,0,0,0,0,1,0,0,0,0,5,0,0,0,0
TCGA-UL-AAZ6-01A-11R-A41B-07,0,92,4,17,10,0,16,14555,35,8238,16334,1,1,18,1,2,2,9
TCGA-A2-A0CL-01A-11R-A115-07,0,3,19,3,0,0,1,850,6,0,77,0,0,0,1,9,0,0
TCGA-BH-A1F8-01A-11R-A13Q-07,0,0,13,5,0,0,24,0,100,0,0,0,0,4,0,0,0,0
TCGA-A2-A0CQ-01A-21R-A034-07,0,0,0,4,1,0,0,0,0,1,0,0,1,0,0,0,0,0
TCGA-BH-A6R8-01A-21R-A33J-07,0,3,1,0,0,0,9,1,0,2,0,0,0,0,0,0,0,0
TCGA-BH-A0BQ-01A-21R-A115-07,0,0,0,4,0,0,0,0,0,0,0,0,0,0,0,0,0,0
TCGA-AC-A62X-01A-11R-A29R-07,0,0,0,2,0,0,2,0,0,0,1,0,0,3,0,0,0,0
TCGA-C8-A1HK-01A-21R-A13Q-07,0,1,0,1,0,0,1,30,3,5,13,0,0,1,0,0,0,0
TCGA-BH-A0B6-01A-11R-A19W-07,0,0,0,1,0,0,2,0,0,2,0,0,0,0,0,0,0,0
TCGA-C8-A12T-01A-11R-A115-07,0,0,2,1,0,0,4,0,0,2,0,0,0,2,0,0,0,0
TCGA-D8-A1XA-01A-11R-A14D-07,0,0,0,4,0,0,0,0,1,0,0,0,0,0,0,1,0,0
TCGA-E2-A15A-06A-11R-A12D-07,0,0,1,29,0,0,7,0,1,2,0,1,0,8,0,0,0,0
TCGA-E2-A15A-01A-11R-A12D-07,0,0,1,30,0,0,4,15,14,15,38,0,0,11,0,0,2,0
TCGA-A7-A0CH-01A-21R-A00Z-07,0,0,0,1,0,0,0,0,0,0,0,0,0,0,0,0,0,0
TCGA-BH-A1EW-01A-11R-A137-07,0,1,2,4,0,0,3,0,0,0,0,0,0,1,0,0,0,0
TCGA-A7-A0CE-01A-11R-A00Z-07,0,0,0,14,0,0,1,0,0,1,0,0,0,2,0,0,0,0
TCGA-GM-A2DI-01A-31R-A18M-07,0,0,0,1,0,0,0,0,10,0,0,0,0,1,0,0,0,0
TCGA-E9-A243-01A-21R-A169-07,0,5,2036,12,0,0,57,540,6,31,1216,0,266,3,3,6,0,3
TCGA-E2-A1LH-11A-22R-A14D-07,0,1,0,6,0,0,0,0,2,0,1,1,0,4,2,0,0,0
TCGA-E2-A159-01A-11R-A115-07,0,0,0,2,0,0,11,0,0,0,0,0,0,1,1,1,0,0
TCGA-BH-A1FG-11B-12R-A13Q-07,0,0,0,2,0,0,0,0,0,0,0,0,0,8,0,0,0,0
TCGA-LL-A7T0-01A-31R-A352-07,0,0,0,13,0,0,5,0,11,1,0,0,0,3,0,0,0,0
TCGA-D8-A27N-01A-11R-A16F-07,0,0,0,5,0,0,0,0,0,0,0,0,0,2,0,0,0,0
TCGA-B6-A400-01A-11R-A239-07,9,2,52,0,0,0,0,29,0,0,18,0,3,1,0,0,7,0
TCGA-C8-A26Z-01A-11R-A16F-07,0,0,0,49,0,0,0,23,12,51,313,0,0,50,0,0,0,0
TCGA-AR-A24R-01A-11R-A169-07,0,0,0,6,0,0,1,0,1,0,0,0,0,4,0,0,0,0
TCGA-BH-A1FN-11A-34R-A13Q-07,0,0,0,3,0,0,0,0,0,0,0,0,0,1,0,0,0,0
TCGA-BH-A1FN-01A-11R-A13Q-07,0,1,20,2,0,0,3,0,1469,0,0,0,2,0,0,0,0,0
TCGA-E2-A1BD-01A-11R-A12P-07,0,14,1,32,0,0,0,0,0,2,0,0,0,6,1,4,0,0
TCGA-B6-A1KN-01A-11R-A13Q-07,0,5,0,19,0,0,1,0,172,0,0,0,0,6,0,0,0,0
TCGA-AR-A1AH-01A-11R-A12D-07,0,0,0,20,0,0,11,0,0,0,1,0,0,10,0,2,0,0
TCGA-BH-A208-01A-11R-A157-07,0,0,4,2,1,0,2,1351,0,2,916,0,0,1,0,2,0,9
TCGA-B6-A402-01A-11R-A239-07,0,2,2,3,0,0,1,0,0,0,0,0,0,2,0,1,1,0
TCGA-A2-A0YJ-01A-11R-A109-07,0,0,1,3,6,0,2,1599,2,10,2039,0,0,1,0,0,0,9
TCGA-BH-A1FM-11B-23R-A13Q-07,0,0,0,12,0,0,0,0,0,0,0,0,0,8,0,1,0,0
TCGA-D8-A141-01A-11R-A115-07,0,0,0,10,0,0,7,0,0,0,0,0,0,1,0,0,0,0
TCGA-GM-A2DH-01A-11R-A180-07,0,3,8123,2,0,0,1,0,0,2,0,0,31,2,2,8,0,0
TCGA-AC-A23H-01A-11R-A157-07,0,1,0,2,0,0,1,0,0,1,0,0,0,1,0,0,0,0
TCGA-C8-A273-01A-11R-A16F-07,0,0,0,6,0,0,1,0,0,0,0,0,0,1,0,0,0,0
TCGA-B6-A0X7-01A-11R-A10J-07,0,0,0,12,0,0,4,0,0,0,0,0,0,3,0,0,0,0
TCGA-E2-A1L9-01A-11R-A13Q-07,0,2,0,7,0,0,6,1,0,0,1,0,0,1,0,3,0,0
TCGA-E2-A9RU-01A-11R-A41B-07,0,0,0,0,0,0,0,7,0,4,8,0,0,1,0,0,0,0
TCGA-A7-A13E-01A-11R-A277-07,0,0,0,4,0,0,0,0,0,0,0,0,0,0,0,0,0,0
TCGA-E9-A1R3-01A-31R-A14M-07,0,4,1,2,0,0,4,0,1,0,0,0,0,1,0,3,0,0
TCGA-B6-A401-01A-11R-A239-07,0,0,1,5,0,0,0,0,5,0,0,1,0,3,5,3,3,0
TCGA-E2-A570-01A-11R-A29R-07,0,0,2,0,0,0,3,1,0,2,0,0,0,1,0,0,0,0
TCGA-C8-A275-01A-21R-A16F-07,0,0,1,3,0,0,0,0,0,0,0,0,0,2,0,0,0,0
TCGA-S3-AA0Z-01A-11R-A41B-07,0,0,4,19,0,0,0,0,0,0,0,0,0,6,0,0,0,0
TCGA-E9-A229-01A-31R-A157-07,0,0,0,1,0,0,1,0,3578,0,0,0,0,2,0,0,0,0
TCGA-D8-A1XM-01A-21R-A14M-07,0,0,1,1,0,0,0,0,4250,0,0,0,0,0,1,0,0,0
TCGA-AN-A0FW-01A-11R-A034-07,1,14,0,25,5,0,0,2812,14,1676,3762,0,0,6,0,0,1,5
TCGA-LL-A6FQ-01A-11R-A31O-07,1,0,0,0,0,0,0,0,33,0,0,0,0,2,0,0,0,0
TCGA-B6-A0RS-01A-11R-A084-07,0,1,1,7,0,0,1,0,2,1,0,0,0,1,1,5,0,0
TCGA-A2-A0T0-01A-22R-A084-07,3,0,232,0,0,0,660,201,60,0,63,0,14,0,0,2,521,1
TCGA-A2-A0CU-01A-12R-A034-07,2,0,0,15,0,0,12,3,171,1,1,0,0,5,0,0,43,0
TCGA-BH-A0AU-01A-11R-A12P-07,0,0,6,11,0,0,10,0,0,0,0,1,0,5,0,0,0,0
TCGA-D8-A1Y1-01A-21R-A14M-07,0,0,2,6,0,0,0,0,30,1,0,0,0,3,0,0,0,0
TCGA-AO-A1KP-01A-11R-A13Q-07,0,0,0,35,0,0,9,0,5,0,0,0,3,17,0,0,0,0
TCGA-E9-A1RD-01A-11R-A157-07,0,0,0,18,0,0,0,0,0,0,0,0,0,9,0,1,0,0
TCGA-OL-A6VO-01A-12R-A33J-07,0,0,0,0,0,0,0,2,0,0,0,0,1,0,0,2,0,0
TCGA-E9-A1RD-11A-33R-A157-07,0,0,0,3,0,0,0,0,0,0,0,0,0,2,0,4,0,0
TCGA-AR-A1AO-01A-11R-A12P-07,0,0,2763,0,8,0,3,2485,9,1801,3319,1,41,0,1,2,0,11
TCGA-AR-A254-01A-21R-A169-07,0,1,1,6,0,0,2,0,0,3,0,2,0,3,0,1,0,0
TCGA-D8-A27L-01A-11R-A16F-07,0,0,0,8,0,0,0,11,3,2,5,0,0,2,1,0,0,0
TCGA-D8-A1J8-01A-11R-A13Q-07,0,0,0,9,0,0,1,0,0,0,0,0,0,2,0,0,0,0
TCGA-E2-A14X-01A-11R-A115-07,0,0,1,12,0,0,0,1,0,0,0,1,0,2,0,0,0,0
TCGA-AQ-A04H-01B-11R-A10J-07,0,0,0,8,0,0,2,0,0,1,1,0,0,3,0,0,0,0
TCGA-BH-A0BR-01A-21R-A115-07,0,2,4,9,0,0,0,0,0,0,0,0,0,0,1,4,0,0
TCGA-BH-A0HY-01A-11R-A056-07,0,0,0,0,0,0,0,0,0,2,0,0,0,0,0,0,0,0
TCGA-A2-A0CW-01A-21R-A115-07,0,0,36,6,0,0,2,0,65,0,0,0,0,0,0,1,3,0
TCGA-AN-A041-01A-11R-A034-07,0,0,0,20,0,0,0,0,0,1,0,2,0,8,0,0,0,0
TCGA-A2-A0D0-01A-11R-A00Z-07,0,2,0,2,0,0,0,0,0,0,0,0,0,3,0,2,0,0
TCGA-E9-A227-01A-11R-A157-07,0,0,0,7,0,0,0,0,1,0,0,0,0,0,0,0,0,0
TCGA-C8-A1HM-01A-12R-A137-07,0,0,0,4,0,0,2,180,8,354,276,0,0,3,0,0,0,0
TCGA-AR-A24N-01A-11R-A169-07,0,1,0,13,0,0,1,0,0,2,1,0,0,4,0,0,0,0
TCGA-E2-A14Q-01A-11R-A12D-07,0,0,0,7,0,0,3,0,1,1,0,0,0,8,0,0,0,0
TCGA-AN-A0FK-01A-11R-A034-07,0,0,0,13,0,0,0,0,0,0,0,0,0,4,0,0,0,0
TCGA-E2-A154-01A-11R-A115-07,0,0,0,9,0,0,0,3,16,0,3,0,0,1,0,0,0,0
TCGA-BH-A0H5-11A-62R-A115-07,0,3,0,8,0,0,0,0,0,0,0,0,0,1,0,1,0,0
TCGA-BH-A18J-11A-31R-A12D-07,0,0,0,10,0,0,0,0,0,0,0,2,0,5,0,0,0,0
TCGA-A2-A0YF-01A-21R-A109-07,0,0,0,12,0,0,1,0,15,0,0,0,0,4,0,0,0,0
TCGA-E9-A1N8-01A-11R-A144-07,0,0,0,4,0,0,1,0,0,0,0,0,0,1,0,0,0,0
TCGA-GM-A2DD-01A-11R-A180-07,0,3,0,1,0,0,1,253,0,304,196,0,0,1,0,3,0,1
TCGA-BH-A203-01A-12R-A169-07,0,8,4,4,0,0,3,0,0,0,0,0,0,1,2,11,0,0
TCGA-D8-A1JL-01A-11R-A13Q-07,0,0,0,1,0,0,2,0,0,0,0,1,0,1,0,0,0,0
TCGA-B6-A1KF-01A-11R-A13Q-07,0,0,0,2,0,0,7,1,0,0,0,0,0,1,0,0,0,0
TCGA-AN-A03X-01A-21R-A00Z-07,0,0,0,0,0,0,0,0,2,1,1,0,0,0,0,0,0,0
TCGA-BH-A1FJ-01A-11R-A13Q-07,0,0,0,1,0,0,0,0,2,0,0,0,0,0,0,0,0,0
TCGA-AN-A0XR-01A-11R-A109-07,0,0,0,2,0,0,0,0,0,0,0,0,0,0,0,0,0,0
TCGA-BH-A18R-11A-42R-A12D-07,0,3,0,10,0,0,1,0,0,0,0,0,0,2,0,1,0,0
TCGA-BH-A18R-01A-11R-A12D-07,0,0,1,54,0,0,1,0,5,0,0,0,0,1,0,0,0,0
TCGA-AO-A0J6-01A-11R-A034-07,0,5,10868,5,0,0,2,0,117,3,0,1,383,0,3,3,0,0
TCGA-AR-A1AX-01A-11R-A12P-07,0,0,9,0,0,0,15,0,0,1,0,1,1,2,3,1,0,0
TCGA-LL-A5YN-01A-11R-A28M-07,0,0,23,1,0,0,6,3,683,0,0,0,0,1,0,1,0,0
TCGA-AR-A1AR-01A-31R-A137-07,0,0,0,8,0,0,0,0,1,1,0,0,0,2,0,0,0,0
TCGA-C8-A27B-01A-11R-A169-07,0,0,5,6,0,0,0,19,8,0,29,0,0,6,1,4,0,0
TCGA-GM-A2DL-01A-11R-A18M-07,0,0,0,0,0,0,1,0,0,0,15,0,0,0,0,0,0,0
TCGA-A7-A56D-01A-11R-A27Q-07,0,0,15,0,0,0,1,2,2,0,343,0,0,0,0,0,0,0
TCGA-E9-A1ND-11A-43R-A144-07,0,1,2,0,0,0,0,0,0,1,0,0,0,0,0,0,0,0
TCGA-AO-A03P-01A-11R-A00Z-07,0,0,1,3,0,0,4,0,51,0,0,0,0,0,0,0,0,0
TCGA-D8-A1JH-01A-11R-A13Q-07,0,1,0,9,0,0,0,0,0,0,0,1,0,9,1,0,0,0
TCGA-A1-A0SD-01A-11R-A115-07,0,0,0,12,0,0,1,0,1,1,0,0,0,2,0,0,0,0
TCGA-A2-A0SU-01A-11R-A084-07,0,0,0,2,0,0,0,0,1,0,0,0,0,0,0,0,0,0
TCGA-E2-A14O-01A-31R-A115-07,0,0,0,2,0,0,1,0,0,0,1,0,2,0,0,0,0,0
TCGA-S3-A6ZF-01A-32R-A32P-07,0,0,0,2,0,0,0,0,38,0,0,0,0,1,0,0,0,0
TCGA-D8-A147-01A-11R-A115-07,0,1,15468,3,1,0,0,1,0,0,4,1,287,0,1,1,0,0
TCGA-OL-A66P-01A-11R-A31O-07,0,0,4,1257,0,0,11,1090,54,776,2584,0,0,10,0,4,0,2
TCGA-AQ-A1H3-01A-31R-A13Q-07,0,0,0,1,0,0,0,0,0,0,0,0,0,0,0,0,0,0
TCGA-B6-A0RI-01A-11R-A056-07,0,0,14,6,0,0,19,4,2,0,4,0,0,2,0,0,0,0
TCGA-A2-A0YE-01A-11R-A109-07,0,1,4167,1,0,0,4,24,0,5,80,0,170,0,1,2,0,0
TCGA-E2-A150-01A-11R-A12D-07,0,0,2,6,5,0,0,3136,0,0,3810,0,0,1,0,0,0,23
TCGA-B6-A0I2-01A-11R-A034-07,0,0,0,3,0,0,1,374,1,0,72,0,0,1,1,0,0,0
TCGA-AN-A049-01A-21R-A00Z-07,0,0,1,8,0,0,1,0,3,0,0,0,0,1,0,0,0,0
TCGA-E9-A1RA-01A-11R-A14D-07,0,0,0,0,0,0,0,0,0,0,0,1,0,3,0,1,0,0
TCGA-A1-A0SF-01A-11R-A144-07,0,0,0,4,0,0,0,0,6,0,0,0,0,1,0,0,0,0
TCGA-S3-AA17-01A-11R-A41B-07,0,0,1,21,0,0,3,0,0,0,0,0,0,5,0,0,0,0
TCGA-A2-A0D3-01A-11R-A115-07,0,2,3,38,0,0,1,0,0,0,0,0,0,7,0,2,0,0
TCGA-C8-A132-01A-31R-A115-07,0,0,9,77,0,0,3,2,338,1,6,0,1,18,0,0,0,0
TCGA-B6-A0X4-01A-11R-A109-07,0,0,1,3,0,0,0,0,0,0,0,0,0,1,0,0,0,0
TCGA-A7-A4SD-01A-11R-A266-07,25,2394,2417,5,8,0,259,3507,152,899,3686,0,151,1,8,17,9,5
TCGA-AO-A03R-01A-21R-A034-07,0,0,0,2,0,0,0,0,0,0,0,0,0,2,0,0,0,0
TCGA-AR-A24U-01A-11R-A169-07,0,0,1,2,1,0,5,588,6,255,567,0,0,0,1,0,0,1
TCGA-AN-A0FV-01A-11R-A00Z-07,355,17,770,48,2,0,0,4291,64,1957,4160,1,18,18,1,5,77,13
TCGA-BH-A0H5-01A-21R-A115-07,0,0,2,3,0,0,0,0,0,3,0,0,0,0,0,0,0,0
TCGA-A7-A13D-01B-04R-A277-07,0,29,11,27,0,11,21,8,4,10,1,1,4,1,11,4,0,0
TCGA-A7-A13D-01A-13R-A277-07,0,11,6,1,0,0,6,0,0,0,0,0,1,5,10,8,0,0
TCGA-E2-A14P-01A-31R-A12D-07,0,1392,8,3,2,0,0,2491,3,1564,2528,1,1,2,15,8,0,10
TCGA-AN-A04A-01A-21R-A034-07,0,0,1,1,1,0,0,0,19,0,0,0,0,0,0,0,0,0
TCGA-C8-A27A-01A-11R-A169-07,0,4,54,11,3,0,1,1074,6,891,1217,0,3,0,0,0,0,5
TCGA-E9-A1RG-01A-11R-A14D-07,1,0,3,1,0,0,0,5,2,5,25,0,0,3,0,0,0,1
TCGA-BH-A0W3-01A-11R-A109-07,0,0,0,3,0,0,0,0,17,0,0,0,0,0,0,0,0,0
TCGA-AC-A8OQ-01A-11R-A41B-07,50,1,6288,19,0,0,205,1026,0,38,1056,0,175,0,0,1,26,2
TCGA-D8-A27M-01A-11R-A16F-07,0,0,2,8,0,0,0,192,3,105,288,0,0,4,0,0,0,1
TCGA-OL-A66L-01A-12R-A31O-07,0,1,0,0,0,0,1,0,1721,0,0,0,0,2,0,0,0,0
TCGA-D8-A1JU-01A-11R-A13Q-07,0,0,1,5,0,0,0,0,2,0,0,0,1,6,0,0,0,0
TCGA-C8-A1HE-01A-11R-A13Q-07,0,0,0,3,0,0,2,0,0,0,0,0,0,3,0,0,0,0
TCGA-EW-A2FR-01A-11R-A21T-07,0,35,1458,37,0,0,8,1559,4,0,351,0,25,8,4,1,1,0
TCGA-E9-A1NH-01A-11R-A14D-07,0,0,2,7,0,0,0,0,0,0,0,0,0,4,0,1,0,0
TCGA-A7-A26I-01B-06R-A22O-07,1,4,0,91,0,0,3,0,0,0,1,2,0,11,0,1,21,0
TCGA-BH-A203-11A-42R-A169-07,0,0,0,10,0,0,0,1,0,0,1,1,0,1,0,0,0,0
TCGA-AO-A0JF-01A-11R-A056-07,0,2,18,4,0,0,13,8,5,2,12,0,0,1,0,0,1,0
TCGA-A2-A04R-01A-41R-A109-07,0,0,0,0,0,0,12,0,37,5,0,0,0,0,0,0,0,0
TCGA-EW-A1PB-01A-11R-A144-07,0,0,17173,0,0,0,0,1,0,2,4,1,104,0,1,4,1,0
TCGA-LL-A73Y-01A-11R-A33J-07,77,0,0,5,0,0,0,1436,0,0,1883,0,0,2,0,0,78,0
TCGA-E2-A15O-01A-11R-A115-07,1,0,0,16,0,0,2,0,3,0,2,1,0,5,0,0,0,0
TCGA-S3-A6ZH-01A-22R-A32P-07,0,0,0,5,0,0,1,5,1,0,7,0,0,2,0,0,0,0
TCGA-E2-A15F-01A-11R-A115-07,0,0,0,4,1,0,11,0,6,0,0,0,0,2,0,0,0,0
TCGA-E2-A158-01A-11R-A12D-07,0,0,0,36,0,0,0,1,0,0,0,0,0,12,0,0,0,0
TCGA-A7-A0DB-01A-11R-A00Z-07,1,0,0,1,0,0,0,5,68,0,0,0,0,1,0,0,0,0
TCGA-A7-A0DB-11A-33R-A089-07,0,0,2,9,0,0,0,3,5,0,5,0,0,4,0,0,0,0
TCGA-E2-A156-01A-11R-A12D-07,0,0,0,11,0,0,3,0,0,1,0,0,0,1,0,0,0,0
TCGA-A7-A0DB-01A-11R-A277-07,0,1,0,9,0,0,0,0,32,4,0,2,0,0,0,0,0,0
TCGA-E2-A152-01A-11R-A12D-07,0,0,4,0,0,0,1,0,0,0,0,0,0,0,0,0,0,0
TCGA-AN-A0XN-01A-21R-A109-07,0,0,0,6,0,1,1,0,0,0,0,1,0,4,0,0,0,0
TCGA-E9-A1R0-01A-22R-A16F-07,0,0,0,5,0,0,0,1,1,7,4,0,0,0,0,0,0,0
TCGA-AN-A0FN-01A-11R-A034-07,1,0,1,3,0,0,0,0,1,2,0,0,0,0,0,0,0,0
TCGA-B6-A0RH-01A-21R-A115-07,0,6,8,10,0,0,1,0,0,0,0,0,0,1,0,3,0,0
TCGA-A2-A1G4-01A-11R-A13Q-07,0,0,0,24,0,0,14,0,1,0,0,0,0,3,0,0,0,0
TCGA-E2-A106-01A-11R-A10J-07,0,0,0,4,0,0,0,0,13,0,0,0,0,0,0,0,0,0
TCGA-BH-A1FU-01A-11R-A14D-07,0,0,0,1,0,0,0,0,0,0,0,0,0,0,1,0,0,0
TCGA-BH-A1FU-11A-23R-A14D-07,0,0,0,12,0,0,0,0,0,0,0,1,0,2,0,0,0,0
TCGA-AC-A5EH-01A-11R-A28M-07,28,0,6985,6,8,0,150,2311,1189,133,766,0,50,2,0,0,40,19
TCGA-AQ-A1H2-01A-11R-A13Q-07,0,0,0,9,1,0,0,0,0,1,0,0,0,1,0,0,0,0
TCGA-D8-A27P-01A-11R-A16F-07,0,0,0,7,0,0,0,2,4,0,1,0,0,0,0,0,0,0
TCGA-E9-A1RF-01A-11R-A157-07,0,0,0,1,0,1,0,376,17,8,1737,0,0,0,0,0,0,1
TCGA-AO-A129-01A-21R-A10J-07,0,1,65,7,0,0,0,34,0,0,3,0,12,1,2,0,0,0
TCGA-A2-A0CX-01A-21R-A00Z-07,0,0,37,0,0,0,0,31,0,1,6,0,0,0,0,0,0,0
TCGA-AR-A0TZ-01A-12R-A084-07,0,0,0,4,0,0,0,0,0,0,0,0,0,1,0,0,0,0
TCGA-E9-A249-01A-11R-A169-07,0,0,0,2,0,0,0,0,0,0,0,0,0,0,0,0,0,0
TCGA-AC-A6IW-01A-12R-A33J-07,0,0,0,7,0,0,2,0,0,0,0,0,0,1,0,0,0,0
TCGA-E2-A10B-01A-11R-A10J-07,0,1,0,5,0,0,0,0,5,0,0,2,0,1,0,0,0,0
TCGA-A2-A0CP-01A-11R-A034-07,0,0,0,1,0,0,4,0,0,0,0,0,0,0,0,0,0,0
TCGA-PL-A8LX-01A-11R-A41B-07,0,0,0,5,0,0,0,0,0,1,0,0,0,0,0,0,0,0
TCGA-A2-A3XZ-01A-42R-A239-07,0,0,0,444,0,0,0,1,37,2,0,0,0,6,0,0,0,0
TCGA-A2-A0EU-01A-22R-A056-07,0,0,37,3,0,0,30,17,14,0,14,0,3,6,0,0,1,0
TCGA-S3-AA15-01A-11R-A41B-07,0,0,0,0,0,0,0,1,0,1,0,0,0,1,1,0,0,0
TCGA-C8-A26W-01A-11R-A16F-07,0,0,1,44,0,0,0,0,110,6,5,0,0,14,0,0,0,0
TCGA-E9-A245-01A-22R-A16F-07,0,3,3,4,0,0,13,7,10,8,5,3,6,7,0,2,2,0
TCGA-C8-A12O-01A-11R-A115-07,0,0,0,5,0,0,0,0,0,1,0,0,4,0,0,0,0,0
TCGA-BH-A18F-01A-11R-A12D-07,0,0,46,21,1,0,0,0,0,0,0,0,1,2,0,1,0,0
TCGA-E2-A573-01A-11R-A29R-07,0,0,4099,3,0,0,1,1,1,1,1,0,247,9,0,1,0,0
TCGA-AN-A04D-01A-21R-A034-07,0,0,0,2,0,0,2,0,1,0,0,0,0,0,0,0,0,0
TCGA-BH-A1ET-01A-11R-A137-07,0,0,0,16,0,0,0,0,0,0,0,0,0,5,0,0,0,0
TCGA-BH-A1ET-11B-23R-A137-07,0,0,0,16,0,0,0,0,0,0,0,3,0,11,0,0,0,0
TCGA-AO-A12D-01A-11R-A115-07,0,1,19,11,0,0,2,0,121,0,0,0,1,3,0,2,0,0
TCGA-A2-A0EM-01A-11R-A034-07,0,0,0,9,1,0,0,0,0,0,0,0,0,0,0,0,0,0
TCGA-A2-A04U-01A-11R-A115-07,0,0,2,11,0,0,0,0,0,0,0,111,4,0,0,0,0,0
TCGA-BH-A18J-01A-11R-A12D-07,0,0,0,0,0,0,0,0,3868,0,9,0,0,0,0,0,0,0
TCGA-AO-A126-01A-11R-A10J-07,0,0,0,8,0,0,0,0,5,0,0,0,0,5,0,0,0,0
TCGA-BH-A18H-01A-11R-A12D-07,0,0,0,47,0,0,0,0,0,12,0,0,0,8,0,0,0,0
TCGA-AO-A0JA-01A-11R-A056-07,0,0,1,1,2,0,3,0,3753,0,0,0,0,0,0,0,0,0
TCGA-BH-A202-01A-11R-A14M-07,0,3,1,4,0,0,1,0,14,0,0,0,0,1,0,2,0,0
TCGA-BH-A201-01A-11R-A14M-07,0,0,0,10,0,0,0,4,2,0,0,0,0,1,0,0,0,0
TCGA-WT-AB41-01A-11R-A41B-07,0,0,0,0,0,0,8,1,0,2,0,0,0,1,0,0,0,0
TCGA-A7-A13D-01A-13R-A12P-07,0,3,6,3,0,0,11,4,0,0,0,0,0,0,3,1,0,0
TCGA-AR-A24V-01A-21R-A169-07,0,0,0,5,0,0,1,0,1,6,1,0,0,1,0,0,0,0
TCGA-D8-A140-01A-11R-A115-07,0,0,0,7,0,0,1,0,1,1,45,0,0,2,0,0,0,0
TCGA-C8-A12P-01A-11R-A115-07,0,1,20,14,0,0,2,262,78,78,231,0,0,4,0,1,2,2
TCGA-AN-A0XV-01A-11R-A109-07,0,0,0,5,0,0,1,0,1,0,0,0,0,1,0,0,0,0
TCGA-A2-A1FX-01A-11R-A13Q-07,0,0,0,1,0,0,1,0,1,0,0,0,0,1,0,0,0,0
TCGA-E2-A105-01A-11R-A10J-07,0,0,0,3,0,0,0,1,0,0,0,0,0,0,0,0,3,0
TCGA-A7-A26I-01A-11R-A169-07,8,4,5,70,0,3,8,0,7,8,6,0,1,20,0,2,223,0
TCGA-D8-A1XW-01A-11R-A14M-07,0,0,0,23,0,0,0,0,0,2,0,0,0,10,0,1,0,0
TCGA-AR-A0TP-01A-11R-A084-07,0,0,0,13,0,0,0,4,15,4,2,0,0,2,0,1,0,0
TCGA-C8-A26V-01A-11R-A16F-07,0,0,0,9,0,0,6,0,0,0,0,0,0,3,0,0,0,0
TCGA-BH-A1FJ-11B-42R-A13Q-07,0,0,0,3,0,0,0,0,0,0,0,0,0,1,0,1,0,0
TCGA-AO-A0J4-01A-11R-A034-07,24,0,0,8,0,2,9,0,1,0,0,0,0,2,0,0,7,0
TCGA-A2-A0CM-01A-31R-A034-07,1,0,0,9,0,0,16,0,0,0,0,0,0,2,0,0,1,0
TCGA-D8-A1X5-01A-11R-A14D-07,0,1,0,2,0,0,0,0,2,0,0,0,0,1,0,0,0,0
TCGA-AN-A0AR-01A-11R-A00Z-07,0,3672,9776,738,10,1,85,3868,193,2320,5086,0,297,41,28,53,37,12
TCGA-B6-A0WW-01A-11R-A109-07,0,0,0,0,0,0,1,0,0,0,0,0,0,2,0,0,0,0
TCGA-E2-A158-11A-22R-A12D-07,0,0,0,3,0,0,0,0,0,0,0,0,0,1,1,0,0,0
TCGA-A7-A0DB-01C-02R-A277-07,0,1,0,7,1,0,0,0,3,0,0,0,0,4,0,0,0,0
TCGA-BH-A0BP-01A-11R-A115-07,0,0,0,10,0,0,1,0,0,0,0,0,0,2,0,4,0,0
TCGA-A2-A3XS-01A-11R-A22U-07,1,7,3,5,0,0,5,0,0,0,7,0,0,2,3,14,2,0
TCGA-E9-A1ND-01A-11R-A144-07,0,2,0,2,0,0,1,0,0,0,0,0,0,0,0,5,0,0
TCGA-E2-A109-01A-11R-A10J-07,0,0,0,3046,0,0,4,1,2,6,3,0,0,53,0,0,0,0
TCGA-AN-A03Y-01A-21R-A00Z-07,0,2,34,16,0,0,57,3,0,2,0,0,1,12,1,0,0,0
TCGA-GM-A2DA-01A-11R-A18M-07,0,0,0,0,0,0,1,56,18,74,24,0,0,0,0,0,0,0
TCGA-AR-A0TR-01A-11R-A084-07,0,0,0,9,0,0,0,0,10,0,0,0,0,0,0,0,0,0
TCGA-OL-A5D6-01A-21R-A27Q-07,0,2,1,1,0,0,3,0,0,215,0,1,0,0,0,0,0,0
TCGA-A2-A0YG-01A-21R-A109-07,0,0,0,3,0,0,0,0,8,0,0,0,0,1,0,0,0,0
TCGA-EW-A1IZ-01A-11R-A13Q-07,0,0,0,2,0,0,6,0,4,3,0,0,0,1,0,0,1,0
TCGA-E9-A1RF-11A-32R-A157-07,0,0,0,3,0,0,0,1,0,0,0,0,0,1,0,2,0,0
TCGA-A7-A6VY-01A-12R-A33J-07,0,4,0,8,0,0,8,2,0,0,5,0,0,5,3,3,0,0
TCGA-A2-A25F-01A-11R-A169-07,0,0,0,2,0,0,0,0,0,4,0,0,0,2,0,0,0,0
TCGA-E2-A15D-01A-11R-A115-07,0,0,0,3,0,0,0,1,0,0,0,0,0,2,0,0,0,0
TCGA-OL-A5D7-01A-11R-A27Q-07,0,0,0,7,0,0,0,0,0,0,0,1,0,2,0,0,0,0
TCGA-AQ-A04J-01A-02R-A034-07,0,6,54,2,0,0,2,1,0,0,5,1,6,0,1,7,3,0
TCGA-AO-A1KR-01A-12R-A144-07,0,8,6,2,0,0,5,8,0,0,5,0,0,6,0,2,0,0
TCGA-C8-A12N-01A-11R-A115-07,0,0,0,1,0,0,8,0,0,2,0,0,0,0,0,0,0,0
TCGA-LL-A5YO-01A-21R-A28M-07,0,1,105,0,0,0,3,0,0,4,0,0,0,0,1,5,0,0
TCGA-A2-A1FZ-01A-51R-A14D-07,0,1,1,0,0,0,0,0,0,0,0,0,0,1,0,0,0,0
TCGA-C8-A12U-01A-11R-A115-07,0,0,0,0,0,0,0,0,0,2,1,0,0,0,0,0,0,0
TCGA-AR-A1AQ-01A-11R-A12P-07,0,0,6,5,0,0,0,0,0,0,0,2,0,0,3,2,0,0
TCGA-A7-A6VW-01A-21R-A33J-07,0,1,2,0,0,0,1,0,0,1,1,0,0,1,0,1,0,0
TCGA-A2-A0SW-01A-11R-A084-07,0,1,1,1,0,1,2,1,1550,3,0,0,0,0,0,0,0,0
TCGA-A2-A4S3-01A-21R-A266-07,0,37,1,3475,6,0,1,3724,604,2161,1525,1,0,47,0,0,0,11
TCGA-C8-A12Z-01A-11R-A115-07,0,0,8,12,0,0,0,0,0,0,0,0,0,3,2,0,0,0
TCGA-E9-A228-01A-31R-A157-07,0,0,0,16,0,0,0,15,6380,0,31,0,0,4,0,0,1,0
TCGA-E9-A247-01A-11R-A169-07,0,0,0,1,0,0,0,0,0,0,0,0,0,1,0,0,1,0
TCGA-D8-A1JJ-01A-31R-A14M-07,0,0,2,4,0,0,1,0,7,0,0,0,0,1,1,3,0,0
TCGA-D8-A1XB-01A-11R-A14D-07,0,0,2,2,0,0,3,0,0,0,0,0,0,0,0,0,0,0
TCGA-B6-A0X5-01A-21R-A109-07,0,0,0,0,0,0,0,7,1,3,10,0,0,0,0,0,0,0
TCGA-BH-A1FD-01A-11R-A13Q-07,0,0,0,1,0,0,9,0,0,0,0,0,0,0,0,0,0,0
TCGA-BH-A0BS-11A-11R-A12P-07,0,0,7,13,0,0,0,0,0,0,0,0,0,4,0,0,0,0
TCGA-GM-A2DF-01A-11R-A180-07,0,0,591,1,0,0,0,0,0,2,1,0,28,1,0,0,0,0
TCGA-BH-A0BZ-11A-61R-A12P-07,0,1,0,6,0,0,0,0,0,0,0,0,0,0,0,0,0,0
TCGA-BH-A0BW-01A-11R-A115-07,11,1700,7961,170,21,0,58,3640,37,2357,4174,1,166,4,30,37,6,24
TCGA-A2-A25B-01A-11R-A169-07,0,0,0,3,0,0,3,0,2,1,0,0,0,1,0,0,0,0
TCGA-BH-A1FE-06A-11R-A213-07,0,0,0,0,0,0,0,0,0,0,0,0,0,1,0,0,0,0
TCGA-A7-A6VV-01A-22R-A33J-07,0,0,7,1,0,0,0,0,0,0,0,0,0,0,0,1,0,0
TCGA-AN-A0FF-01A-11R-A034-07,1,0,0,5,0,0,1,0,760,0,0,0,0,2,0,0,0,0
TCGA-A2-A3XW-01A-11R-A239-07,0,0,0,2,0,0,0,0,4,0,0,0,0,0,0,0,0,0
TCGA-A2-A3XT-01A-11R-A22U-07,0,2,1,16,0,0,1,407,12,20,950,0,0,4,2,2,0,0
TCGA-A2-A0ET-01A-31R-A034-07,0,1,0,7,0,0,0,0,2,67,0,0,0,4,0,0,0,0
TCGA-BH-A1FB-11A-33R-A13Q-07,0,0,0,6,0,0,0,0,0,0,0,0,0,5,0,0,0,0
TCGA-A2-A1G0-01A-11R-A13Q-07,0,1,0,7,0,0,6,0,1,1,0,1,0,1,0,0,0,0
TCGA-D8-A1Y3-01A-11R-A157-07,0,0,2,0,0,0,9,0,0,0,0,0,0,2,0,0,0,0
TCGA-BH-A5J0-01A-11R-A27Q-07,144,0,0,9,0,0,2,0,108,0,1,1,0,1,0,0,12,0
TCGA-E2-A1B1-01A-21R-A12P-07,0,1,0,3,0,0,1,0,0,0,0,0,0,12,0,0,1,0
TCGA-C8-A1HN-01A-11R-A137-07,0,2,442,4,1,0,3,4122,991,42,5399,0,26,0,0,0,1,5
TCGA-B6-A0RT-01A-21R-A084-07,0,1,7,7,0,0,1,1,0,2,0,0,0,1,5,6,0,0
TCGA-C8-A12M-01A-11R-A115-07,0,0,0,10,0,0,0,2,0,0,1,0,0,3,0,1,0,0
TCGA-BH-A1F8-11B-21R-A13Q-07,0,0,0,0,0,0,0,0,0,0,0,0,0,2,0,0,0,0
TCGA-A7-A6VX-01A-12R-A33J-07,0,0,0,24,0,0,0,0,0,0,1,0,1,4,0,0,1,0
TCGA-BH-A0BQ-11A-33R-A115-07,0,0,0,15,0,0,0,0,0,0,0,0,0,6,0,0,0,0
TCGA-A2-A1FW-01A-11R-A13Q-07,0,0,1,41,0,0,0,0,4,0,0,0,0,31,0,0,0,0
TCGA-D8-A27K-01A-11R-A16F-07,0,0,0,5,0,0,5,0,0,0,0,0,0,3,0,0,0,0
TCGA-BH-A0BF-01A-21R-A12P-07,0,1,11,1,0,0,1,0,0,2,0,0,1,0,3,14,0,0
TCGA-LD-A9QF-01A-32R-A41B-07,0,1,1,1,0,0,3,1,0,1,0,0,0,0,0,2,0,0
TCGA-E2-A14S-01A-11R-A12D-07,0,0,0,9,0,0,15,0,0,0,0,0,0,6,0,0,0,0
TCGA-E2-A574-01A-11R-A29R-07,0,2,184,0,1,0,42,2514,5,2133,2489,0,21,0,0,1,80,6
TCGA-GM-A2DK-01A-21R-A180-07,0,0,0,1,0,0,5,0,9,0,0,0,0,0,0,0,0,0
TCGA-AO-A03M-01B-11R-A10J-07,0,3,15,0,0,0,0,0,1,0,1,0,0,1,0,1,0,0
TCGA-BH-A1F6-01A-11R-A13Q-07,0,0,0,5,0,0,0,0,0,0,0,0,0,0,1,2,0,0
TCGA-B6-A0WY-01A-11R-A109-07,0,0,2,4,0,0,3,0,0,0,0,0,0,1,0,0,0,0
TCGA-BH-A0BL-01A-11R-A115-07,0,0,4548,3,0,0,9,0,0,0,0,0,132,0,1,4,0,0
TCGA-A2-A0EY-01A-11R-A034-07,0,2,32,54,1,0,5,68,8,721,807,2,0,21,0,6,0,4
TCGA-A2-A0T2-01A-11R-A084-07,9,20,18334,5,0,0,2,1105,3,33,3561,0,295,1,2,7,596,0
TCGA-EW-A6S9-01A-22R-A33J-07,0,0,0,2,0,0,0,0,1,0,0,0,0,0,0,0,0,0
TCGA-D8-A1X6-01A-11R-A14M-07,0,0,0,3,0,0,1,0,1,0,0,0,1,2,0,0,0,0
TCGA-E9-A1N6-01A-11R-A144-07,0,0,0,2,0,0,1,0,239,1,0,0,0,0,0,0,0,0
TCGA-E2-A1L6-01A-11R-A13Q-07,0,0,0,23,0,0,0,0,0,0,0,0,0,6,0,0,0,0
TCGA-E2-A1LB-01A-11R-A144-07,0,0,7,0,0,0,0,0,0,0,0,0,0,0,0,0,0,0
TCGA-E2-A1LB-11A-22R-A144-07,0,0,5,2,0,0,0,0,0,0,0,0,0,4,0,0,0,0
TCGA-BH-A1ES-06A-12R-A24H-07,0,383,2,1,0,0,4,6,0,1,18,0,2,0,3,18,0,0
TCGA-BH-A1ES-01A-11R-A137-07,0,0,0,2,0,0,0,0,0,0,0,0,0,0,0,1,0,0
TCGA-E9-A1R5-01A-11R-A14M-07,0,1,3,1,0,0,1,0,0,0,0,0,0,3,0,0,0,0
TCGA-E2-A15S-01A-11R-A115-07,0,0,0,39,0,0,0,0,0,0,0,0,0,22,0,0,0,0
TCGA-C8-A26X-01A-31R-A16F-07,0,0,1,2,0,0,0,0,58,3,8,0,0,0,0,0,0,0
TCGA-AO-A12C-01A-11R-A10J-07,0,0,0,3,0,0,0,0,0,0,0,0,0,0,0,0,0,0
TCGA-E2-A1IF-01A-11R-A144-07,0,0,1,0,0,0,0,0,0,0,0,0,0,0,0,0,0,0
TCGA-B6-A0RG-01A-11R-A056-07,0,1,32,20,0,0,27,217,24,44,1321,0,0,5,0,0,0,0
TCGA-E2-A14N-01A-31R-A137-07,0,0,0,0,0,0,0,0,1,0,0,0,0,0,0,0,0,0
TCGA-E2-A10C-01A-21R-A10J-07,0,0,2,6,0,0,2,238,151,78,123,1,0,3,0,0,0,0
TCGA-AN-A04C-01A-21R-A034-07,10,5,16,5,0,0,13,1,2,0,2,0,6,5,2,3,13,0
TCGA-C8-A12W-01A-11R-A115-07,0,0,4,2,0,0,0,3331,397,97,4010,0,0,0,0,0,0,6
TCGA-BH-A18N-01A-11R-A12D-07,0,0,0,6,0,0,7,0,0,0,0,0,0,7,0,0,0,0
TCGA-A7-A0CE-11A-21R-A089-07,0,0,5,5,0,0,6,1,2,0,0,0,0,2,0,0,0,0
TCGA-C8-A12K-01A-21R-A115-07,0,0,3,1,0,0,0,753,0,1,57,0,0,0,1,0,0,0
TCGA-A7-A13G-01A-11R-A13Q-07,0,0,1,49,0,0,0,0,0,2,0,0,1,23,0,0,0,0
TCGA-A7-A13G-01B-04R-A22O-07,0,0,0,109,0,0,0,0,0,0,0,3,0,21,1,0,0,0
TCGA-E2-A1II-01A-11R-A144-07,0,2,1,4,0,0,0,0,0,0,0,0,0,3,0,0,0,0
TCGA-D8-A1JC-01A-11R-A13Q-07,0,132,1,13,8,0,10,5633,816,463,6089,0,1,0,0,0,0,26
TCGA-AO-A0JC-01A-11R-A056-07,0,0,17,31,1,0,24,5,7,3,10,1,0,9,0,0,0,0
TCGA-BH-A0DX-01A-11R-A115-07,0,0,2,2,0,0,0,0,0,1,0,0,0,1,0,0,0,0
TCGA-C8-A1HF-01A-11R-A137-07,0,1,0,2,0,0,2,0,0,0,0,0,0,2,0,2,0,0
TCGA-B6-A0I6-01A-11R-A034-07,0,0,1,1,1,0,0,0,0,0,0,0,0,0,0,0,0,0
TCGA-A2-A3XU-01A-12R-A22U-07,0,0,0,0,0,0,2,0,0,0,0,0,0,0,0,0,0,0
TCGA-AN-A0XT-01A-11R-A109-07,0,0,0,41,0,0,0,0,32,0,0,0,0,0,0,0,0,0
TCGA-C8-A1HJ-01A-11R-A13Q-07,4,2,8166,1,1,0,6,2,0,0,3075,0,1212,0,2,1,884,9
TCGA-D8-A1JM-01A-11R-A13Q-07,0,0,0,6,0,0,5,0,0,0,0,0,0,1,0,0,0,0
TCGA-B6-A0I8-01A-11R-A034-07,0,0,7,26,0,0,3,2,23,319,899,0,0,4,0,0,72,0
TCGA-BH-A1EY-01A-11R-A13Q-07,0,0,0,5,0,0,0,0,1,0,0,0,0,3,0,0,0,0
TCGA-BH-A204-11A-53R-A157-07,0,1,0,2,0,0,1,7,0,10,6,0,0,3,1,2,0,0
TCGA-AN-A0AT-01A-11R-A034-07,0,837,4975,4,12,0,272,6541,752,5275,7217,0,125,1,6,6,0,19
TCGA-A2-A0T3-01A-21R-A115-07,0,0,0,12,0,0,0,0,0,0,0,0,0,3,1,0,0,0
TCGA-E2-A15E-01A-11R-A12D-07,0,0,0,8,0,0,31,7,813,2,713,0,0,0,0,0,0,0
TCGA-A1-A0SQ-01A-21R-A144-07,0,0,0,2,0,0,0,2,12,1,0,0,0,2,0,0,0,0
TCGA-E2-A15E-06A-11R-A12D-07,0,0,1,5,0,0,171,6,21,9,1189,0,1,1,0,0,0,0
TCGA-EW-A1P3-01A-11R-A144-07,0,0,0,2,0,0,3,0,12,0,0,0,0,0,0,0,0,0
TCGA-D8-A1XG-01A-11R-A14D-07,0,0,0,3,0,0,0,0,0,0,0,0,0,1,0,0,0,0
TCGA-E9-A1RE-01A-11R-A157-07,0,0,0,44,0,0,2,0,0,1,0,0,0,47,0,0,0,0
TCGA-BH-A0B7-01A-12R-A115-07,0,9,77,1,4,0,2,3930,61,3022,4714,0,6,1,0,0,0,13
TCGA-B6-A0RN-01A-12R-A084-07,0,0,0,3,0,0,0,0,0,0,0,0,0,1,0,0,0,0
TCGA-BH-A0EA-01A-11R-A115-07,0,0,0,13,0,0,0,0,0,0,0,0,0,4,0,0,0,0
TCGA-BH-A0BG-01A-11R-A115-07,9,1302,10681,43,12,0,339,3859,89,2230,4312,0,181,0,16,15,27,32
TCGA-B6-A409-01A-11R-A24H-07,234,36,4002,0,0,0,3,9,0,0,0,0,423,0,3,2,298,0
TCGA-E9-A248-01A-11R-A169-07,18,670,8436,1944,13,0,569,4074,432,2303,4716,0,190,28,0,6,591,9
TCGA-BH-A0AZ-01A-21R-A12P-07,0,0,0,2,0,0,0,0,0,0,0,0,0,0,0,0,0,0
TCGA-BH-A1FH-01A-12R-A13Q-07,0,0,0,7,0,0,2,0,0,0,0,1,0,0,0,0,0,0
TCGA-AN-A0FX-01A-11R-A034-07,0,0,0,4,0,0,0,0,0,0,0,0,0,5,0,0,0,0
TCGA-B6-A0X1-01A-11R-A109-07,0,7,1237,3,0,0,0,4,0,32,173,1,104,0,1,0,0,0
TCGA-AN-A0XO-01A-11R-A109-07,0,1,3,6,0,0,1,0,4443,2,2,0,0,3,0,2,0,0
TCGA-A2-A0CZ-01A-11R-A034-07,0,0,0,1,0,0,0,0,57,1,1,0,0,1,0,0,0,0
TCGA-A2-A0SX-01A-12R-A084-07,0,0,0,15,0,0,0,0,0,0,1,0,0,7,1,4,0,0
TCGA-B6-A0I5-01A-11R-A034-07,0,0,1,3,0,0,0,0,43,1,0,0,0,1,0,0,0,0
TCGA-GI-A2C9-01A-11R-A21T-07,0,2,11,12,0,0,2,24,0,70,23,0,1,7,0,1,0,0
TCGA-AR-A250-01A-31R-A169-07,0,0,1,17,0,0,1,0,5,2,1,0,0,5,0,0,0,0
TCGA-GI-A2C9-11A-22R-A21T-07,0,2,0,9,0,0,2,0,1,0,0,0,0,5,0,4,0,0
TCGA-E9-A1NG-11A-52R-A14M-07,0,0,0,2,0,0,0,0,0,0,0,0,0,1,0,0,0,0
TCGA-EW-A1P5-01A-11R-A144-07,0,0,0,3,0,0,0,0,0,0,0,0,0,0,0,0,0,0
TCGA-E2-A15P-01A-11R-A115-07,0,0,0,4,0,0,0,0,18,1,0,0,0,0,0,0,0,0
TCGA-B6-A0RL-01A-11R-A084-07,0,0,1,5,0,0,9,0,0,0,0,0,1,7,0,0,0,0
TCGA-C8-A130-01A-31R-A115-07,0,0,18,10,0,0,5,0,13,0,0,0,0,7,0,1,0,0
TCGA-D8-A1J9-01A-11R-A13Q-07,0,0,0,19,0,0,59,0,63,0,0,2,0,8,0,0,0,0
TCGA-BH-A1FG-01A-11R-A13Q-07,0,0,0,2,0,0,38,0,0,0,0,0,0,3,0,0,0,0
TCGA-E2-A15C-01A-31R-A12D-07,0,0,0,3,0,0,16,0,0,0,0,0,0,0,0,0,0,0
TCGA-E2-A14Z-01A-11R-A115-07,1,1,7,7,0,0,16,0,0,0,0,0,0,0,0,0,362,0
TCGA-EW-A3U0-01A-11R-A22K-07,106,1234,4050,6,0,0,7,16,2,3,72,0,200,5,1,1,113,0
TCGA-E2-A10E-01A-21R-A10J-07,0,0,0,2,0,0,0,0,0,0,0,0,0,1,0,0,0,0
TCGA-AR-A0TY-01A-12R-A115-07,1,880,1,167,10,0,8,8369,92,679,10752,1,0,163,0,0,12,42
TCGA-E2-A1B4-01A-11R-A12P-07,0,0,0,28,0,0,0,0,4,4,0,0,0,17,0,0,0,0
TCGA-A7-A4SE-01A-11R-A266-07,0,1,0,7,0,0,0,0,0,0,0,0,0,4,0,0,0,1
TCGA-GM-A2DC-01A-11R-A18M-07,0,2,0,0,0,0,1,0,32,4,1,0,1,1,0,0,0,0
TCGA-C8-A1HG-01A-11R-A137-07,0,10,11,14,0,0,1,136,162,117,280,0,0,2,0,0,48,2
TCGA-E9-A226-01A-21R-A157-07,0,0,0,7,0,0,0,0,2,0,0,0,0,0,0,0,15,0
TCGA-BH-A0BO-01A-23R-A12D-07,0,0,0,7,0,0,1,0,0,0,0,0,0,3,0,0,0,0
TCGA-E9-A1R7-01A-11R-A14M-07,0,0,3,1,0,0,2,0,517,0,0,0,0,0,0,0,0,0
TCGA-E9-A1R7-11A-42R-A14M-07,0,0,0,5,0,0,0,0,1,0,0,0,0,1,0,0,0,0
TCGA-D8-A1JB-01A-11R-A13Q-07,1,0,4,7,0,0,0,0,1,0,0,0,0,2,0,0,1,0
TCGA-A2-A25E-01A-11R-A169-07,0,0,0,1,0,0,9,0,2,0,0,0,0,3,0,0,0,0
TCGA-E2-A10A-01A-21R-A115-07,0,0,0,2,0,0,0,0,0,0,0,0,0,1,0,0,0,0
TCGA-AQ-A04L-01B-21R-A10J-07,0,2,3,5,0,0,0,0,0,0,0,1,0,5,0,9,0,0
TCGA-A2-A25C-01A-11R-A169-07,0,0,0,8,0,0,0,1,0,1,0,0,0,3,0,0,0,0
TCGA-BH-A1EX-01A-11R-A13Q-07,0,18,1,6,0,0,0,0,2,1,0,1,0,9,15,19,0,0
TCGA-BH-A0DE-01A-11R-A115-07,0,0,0,1,0,0,0,0,6,54,2,0,0,1,0,0,0,0
TCGA-A2-A0T7-01A-21R-A084-07,0,1,0,4,0,0,1,3,341,0,2,1,0,0,1,0,0,0
TCGA-C8-A12L-01A-11R-A115-07,0,0,2,10,0,0,0,0,0,1,4,0,0,1,4,7,0,0
TCGA-AN-A0AS-01A-11R-A00Z-07,0,1,0,3,0,0,0,0,4,0,0,0,0,1,2,1,0,0
TCGA-BH-A42V-01A-11R-A24H-07,0,1,0,7,0,0,2,0,0,0,0,0,0,6,0,0,0,0
TCGA-UU-A93S-01A-21R-A41B-07,0,5,7377,0,0,0,1,9,2,0,14,0,206,0,1,5,0,0
TCGA-D8-A13Z-01A-11R-A115-07,0,0,0,5,0,0,1,0,0,0,0,0,0,6,0,0,0,0
TCGA-AR-A0TQ-01A-11R-A084-07,0,0,0,1,0,0,0,0,0,1,0,0,0,2,0,0,0,0
TCGA-B6-A0I1-01A-11R-A21T-07,0,5,0,0,0,0,4,0,0,0,0,0,0,0,1,0,26,0
TCGA-D8-A1XF-01A-11R-A14D-07,0,1,1,10,0,0,6,0,0,0,0,0,1,2,0,0,0,0
TCGA-AR-A251-01A-12R-A169-07,258,1559,6,6,0,0,2,2884,0,141,178,0,1,2,6,14,32,0
TCGA-A7-A13E-01A-11R-A12P-07,0,0,3,3,0,0,0,0,0,0,0,0,0,1,0,0,0,0
TCGA-E2-A56Z-01A-12R-A29R-07,0,0,0,0,0,0,9,0,173,3,0,0,0,0,0,0,0,0
TCGA-AN-A0XL-01A-11R-A10J-07,0,0,0,15,0,0,16,1,5,2,15,0,0,2,0,2,0,0
TCGA-D8-A145-01A-11R-A115-07,0,0,0,1,0,0,1,0,1700,0,0,0,0,2,0,0,0,0
TCGA-E9-A1R6-01A-11R-A14D-07,0,0,1,0,0,0,9,1,1,1,2,0,2,1,0,0,0,0
TCGA-AO-A12F-01A-11R-A115-07,0,0,0,13,0,0,0,0,0,0,0,0,0,6,0,0,0,0
TCGA-E2-A14T-01A-11R-A115-07,0,0,0,2,0,0,0,192,72,164,295,0,0,2,0,0,0,0
TCGA-E2-A1B6-01A-31R-A12P-07,0,1,0,0,0,0,3,241,0,5,1027,0,0,1,0,2,0,0
TCGA-EW-A1OZ-01A-11R-A144-07,0,0,0,14,0,0,3,2,0,0,0,0,0,3,0,0,0,0
TCGA-PL-A8LZ-01A-31R-A36F-07,0,0,1,1,0,0,0,0,0,1,1,0,0,0,0,2,1,0
TCGA-LL-A8F5-01A-11R-A36F-07,0,0,0,0,0,0,1,2664,3024,3,2505,0,1,0,0,0,0,3
TCGA-AR-A1AP-01A-11R-A12P-07,0,0,0,1,0,0,0,0,2471,1,0,0,0,0,0,0,0,0
TCGA-E9-A1RB-11A-33R-A157-07,0,0,0,7,0,0,0,0,0,0,0,1,0,2,0,0,0,0
TCGA-AN-A0XS-01A-22R-A109-07,0,1,0,7,0,0,3,0,0,0,0,0,0,0,0,0,0,0
TCGA-AC-A5XU-01A-11R-A28M-07,0,0,0,0,0,0,0,3,0,6,8,0,0,0,0,0,0,0
TCGA-AN-A0G0-01A-11R-A034-07,0,0,0,0,5,0,0,2564,0,1,2963,0,0,0,0,0,0,14
TCGA-B6-A0IG-01A-11R-A034-07,0,0,18,52,0,0,5,0,2,0,0,0,0,14,0,0,0,0
TCGA-AR-A1AU-01A-11R-A12P-07,0,1,0,14,0,0,16,0,3,0,0,0,0,6,0,0,0,0
TCGA-A2-A0T5-01A-21R-A084-07,0,0,0,1,0,0,1,0,0,0,0,0,0,3,0,0,0,0
TCGA-AR-A1AY-01A-21R-A12P-07,0,0,1,0,0,0,1,0,0,0,0,0,0,0,0,0,0,0
TCGA-E2-A1L7-11A-33R-A144-07,0,0,1,13,0,0,0,0,0,0,0,0,0,2,0,0,0,0
TCGA-E2-A1L7-01A-11R-A144-07,0,0,0,1,0,0,1,0,0,0,0,0,0,2,0,0,0,0
TCGA-AN-A0XW-01A-11R-A109-07,0,0,0,2,0,0,4,1,2,22,1,0,0,0,0,0,0,1
TCGA-E9-A1R4-01A-21R-A14D-07,0,0,0,30,0,0,26,1,5,0,0,0,0,7,0,0,0,0
TCGA-A7-A0DC-01B-04R-A22O-07,0,0,0,29,0,0,24,0,6,0,0,0,0,0,0,0,0,0
TCGA-A7-A0DC-01A-11R-A00Z-07,0,1,0,10,0,1,16,0,4,8,4,3,1,9,1,0,0,0
TCGA-A7-A0DC-11A-41R-A089-07,1,0,4,5,0,0,2,0,0,0,0,0,0,5,0,3,0,0
TCGA-GI-A2C8-11A-22R-A16F-07,0,0,0,1,0,0,0,0,0,1,0,0,0,1,0,0,0,0
TCGA-GI-A2C8-01A-11R-A16F-07,0,0,11,3,0,0,0,0,0,1,0,0,1,2,0,0,0,0
TCGA-AO-A0JI-01A-21R-A056-07,0,0,0,6,0,0,0,0,0,0,0,0,0,2,0,0,0,0
TCGA-A7-A0CD-01A-11R-A00Z-07,0,0,4,2,0,0,0,3,0,4,3,0,0,0,0,0,0,0
TCGA-C8-A1HI-01A-11R-A137-07,0,0,0,8558,0,0,0,2,303,0,0,1,0,110,0,0,1,0
TCGA-D8-A1XU-01A-11R-A14M-07,0,0,0,13,0,0,19,0,1,2,0,1,0,4,0,0,0,0
TCGA-D8-A1XR-01A-11R-A14M-07,0,0,0,6,0,0,0,0,1,0,0,0,0,6,0,0,0,0
TCGA-D8-A27R-01A-11R-A16F-07,0,447,372,514,3,0,8,7494,6091,2389,4154,1,10,16,0,2,21,14
TCGA-BH-A18L-01A-32R-A12D-07,0,0,0,7,0,0,1,287,3,0,561,0,0,2,0,0,0,0
TCGA-E9-A1R2-01A-11R-A14D-07,0,1,1,5,0,0,16,0,2,0,0,0,0,0,0,1,0,0
TCGA-C8-A134-01A-11R-A115-07,0,0,0,1,0,0,0,0,0,0,0,0,0,2,0,1,0,0
TCGA-BH-A0HA-01A-11R-A12P-07,0,0,0,5,0,0,0,0,0,1,0,0,0,3,0,0,0,0
TCGA-BH-A0HA-11A-31R-A12P-07,0,0,0,6,0,0,0,0,0,0,0,2,0,1,0,0,0,0
TCGA-E2-A1IG-01A-11R-A144-07,0,0,0,8,0,0,0,0,3,3,0,0,0,3,0,0,0,0
TCGA-D8-A1JP-01A-11R-A13Q-07,1,1,7,13,0,0,2,0,0,0,0,0,0,7,2,7,0,0
TCGA-AR-A252-01A-11R-A169-07,273,0,0,8361,0,0,3,0,1,1,10,0,0,118,0,0,301,0
TCGA-D8-A1XL-01A-11R-A14M-07,0,0,1,2,0,0,0,0,0,0,1,0,0,4,0,0,0,0
TCGA-BH-A0EI-01A-11R-A115-07,0,0,0,6,0,0,0,0,0,0,0,0,0,5,0,0,0,0
TCGA-E2-A1IO-01A-11R-A144-07,0,0,0,3,0,0,0,1,0,3,0,0,0,3,0,0,0,0
TCGA-E2-A15R-01A-11R-A115-07,0,0,0,5,0,0,1,2,4,0,1,0,0,4,0,0,0,0
TCGA-A1-A0SN-01A-11R-A144-07,0,0,4,4,0,0,0,0,24,0,0,0,0,0,0,0,0,0
