gene_name,Patient,TCGA-D8-A146-01A-31R-A115-07,TCGA-AQ-A0Y5-01A-11R-A14M-07,TCGA-C8-A274-01A-11R-A16F-07,TCGA-B6-A1KC-01B-11R-A157-07,TCGA-A2-A0YM-01A-11R-A109-07,TCGA-AO-A03N-01B-11R-A10J-07,TCGA-E2-A1LI-01A-12R-A157-07,TCGA-BH-A18L-11A-42R-A12D-07,TCGA-B6-A0WV-01A-11R-A109-07,TCGA-E2-A1LE-01A-12R-A19W-07,TCGA-AN-A0AK-01A-21R-A00Z-07,TCGA-3C-AALJ-01A-31R-A41B-07,TCGA-AO-A03O-01A-11R-A00Z-07,TCGA-E9-A22A-01A-11R-A157-07,TCGA-AR-A0TW-01A-11R-A084-07,TCGA-BH-A1FE-01A-11R-A13Q-07,TCGA-BH-A1FE-11B-14R-A13Q-07,TCGA-A2-A3XX-01A-21R-A239-07,TCGA-AN-A0FL-01A-11R-A034-07,TCGA-D8-A1Y2-01A-11R-A157-07,TCGA-C8-A138-01A-11R-A115-07,TCGA-AR-A255-01A-11R-A169-07,TCGA-E2-A108-01A-13R-A10J-07,TCGA-E2-A1IN-01A-11R-A13Q-07,TCGA-E9-A1QZ-01A-21R-A169-07,TCGA-BH-A0W7-01A-11R-A115-07,TCGA-A2-A0YT-01A-11R-A109-07,TCGA-C8-A131-01A-11R-A115-07,TCGA-3C-AALK-01A-11R-A41B-07,TCGA-A2-A0CV-01A-31R-A115-07,TCGA-C8-A12Q-01A-11R-A115-07,TCGA-BH-A1F6-11B-94R-A13Q-07,TCGA-AN-A0XP-01A-11R-A109-07,TCGA-AN-A046-01A-21R-A034-07,TCGA-A7-A4SF-01A-11R-A266-07,TCGA-LL-A740-01A-21R-A32P-07,TCGA-E9-A1N6-11A-32R-A144-07,TCGA-EW-A6SB-01A-12R-A32P-07,TCGA-A2-A0EV-01A-11R-A034-07,TCGA-AR-A0U4-01A-11R-A109-07,TCGA-PL-A8LY-01A-11R-A41B-07,TCGA-A7-A0CH-11A-32R-A089-07,TCGA-D8-A1JA-01A-11R-A13Q-07,TCGA-A1-A0SO-01A-22R-A084-07,TCGA-BH-A18N-11A-43R-A12D-07,TCGA-A7-A13G-11A-51R-A13Q-07,TCGA-A7-A26J-01A-11R-A277-07,TCGA-GM-A2D9-01A-11R-A18M-07,TCGA-LL-A5YP-01A-21R-A28M-07,TCGA-A7-A26J-01B-02R-A277-07,TCGA-E2-A1IU-01A-11R-A14D-07,TCGA-B6-A0IQ-01A-11R-A034-07,TCGA-BH-A5IZ-01A-11R-A27Q-07,TCGA-BH-A204-01A-11R-A157-07,TCGA-LL-A7SZ-01A-32R-A352-07,TCGA-D8-A1XZ-01A-11R-A14M-07,TCGA-E2-A1LL-01A-11R-A144-07,TCGA-S3-AA12-01A-11R-A41B-07,TCGA-A7-A13F-11A-42R-A12P-07,TCGA-A2-A3XY-01A-11R-A239-07,TCGA-E2-A15J-01A-11R-A12P-07,TCGA-E2-A1IE-01A-11R-A13Q-07,TCGA-BH-A1F0-11B-23R-A137-07,TCGA-AR-A24L-01A-11R-A169-07,TCGA-BH-A0B7-11A-34R-A115-07,TCGA-A1-A0SJ-01A-11R-A084-07,TCGA-S3-AA10-01A-21R-A41B-07,TCGA-BH-A0BT-11A-21R-A12P-07,TCGA-AR-A1AJ-01A-21R-A12P-07,TCGA-E9-A244-01A-11R-A169-07,TCGA-AO-A1KT-01A-11R-A13Q-07,TCGA-E2-A1LK-01A-21R-A14D-07,TCGA-E2-A14R-01A-11R-A115-07,TCGA-A7-A5ZW-01A-12R-A29R-07,TCGA-BH-A1FL-01A-11R-A13Q-07,TCGA-A2-A0ST-01A-12R-A084-07,TCGA-E9-A22H-01A-11R-A157-07,TCGA-A1-A0SI-01A-11R-A144-07,TCGA-E2-A15K-01A-11R-A12P-07,TCGA-E2-A15K-06A-11R-A12P-07,TCGA-E9-A1NG-01A-21R-A14M-07,TCGA-AR-A1AW-01A-21R-A12P-07,TCGA-D8-A1JK-01A-11R-A13Q-07,TCGA-3C-AALI-01A-11R-A41B-07,TCGA-AC-A7VB-01A-11R-A352-07,TCGA-AC-A6NO-01A-12R-A33J-07,TCGA-BH-A0DO-01B-11R-A12D-07,TCGA-AO-A0JL-01A-11R-A056-07,TCGA-A7-A0CJ-01A-21R-A00Z-07,TCGA-E2-A1LH-01A-11R-A14D-07,TCGA-BH-A0DG-11A-43R-A12P-07,TCGA-AO-A03T-01A-21R-A034-07,TCGA-C8-A26Y-01A-11R-A16F-07,TCGA-D8-A1JI-01A-11R-A13Q-07,TCGA-BH-A1FM-01A-11R-A13Q-07,TCGA-B6-A0I9-01A-11R-A034-07,TCGA-AC-A23H-11A-12R-A157-07,TCGA-GM-A2DN-01A-11R-A180-07,TCGA-A7-A13E-11A-61R-A12P-07,TCGA-A7-A13E-01B-06R-A277-07,TCGA-D8-A142-01A-11R-A115-07,TCGA-A2-A0CS-01A-11R-A115-07,TCGA-D8-A1Y0-01A-11R-A14M-07,TCGA-E9-A22D-01A-11R-A157-07,TCGA-BH-A0C7-01B-11R-A115-07,TCGA-A7-A2KD-01A-31R-A21T-07,TCGA-S3-AA14-01A-11R-A41B-07,TCGA-E9-A1RB-01A-11R-A157-07,TCGA-D8-A1XK-01A-21R-A14M-07,TCGA-OL-A66I-01A-21R-A29R-07,TCGA-A2-A0CT-01A-31R-A056-07,TCGA-BH-A0AU-11A-11R-A12P-07,TCGA-D8-A1XQ-01A-11R-A14M-07,TCGA-C8-A135-01A-11R-A115-07,TCGA-D8-A1X9-01A-12R-A157-07,TCGA-AO-A0JE-01A-11R-A056-07,TCGA-EW-A1IY-01A-11R-A13Q-07,TCGA-E9-A1RH-11A-34R-A169-07,TCGA-E9-A1RH-01A-21R-A169-07,TCGA-BH-A1EV-01A-11R-A137-07,TCGA-BH-A1EV-11A-24R-A137-07,TCGA-C8-A1HO-01A-11R-A13Q-07,TCGA-A7-A0DA-01A-31R-A115-07,TCGA-B6-A0IK-01A-12R-A056-07,TCGA-A2-A0D4-01A-11R-A00Z-07,TCGA-AC-A8OP-01A-11R-A36F-07,TCGA-LL-A442-01A-11R-A24H-07,TCGA-D8-A143-01A-11R-A115-07,TCGA-BH-A1FD-11B-21R-A13Q-07,TCGA-E2-A1IG-11A-22R-A144-07,TCGA-E2-A572-01A-13R-A31O-07,TCGA-A2-A259-01A-11R-A16F-07,TCGA-B6-A1KI-01A-11R-A14M-07,TCGA-BH-A0DI-01A-21R-A12P-07,TCGA-BH-A0W5-01A-11R-A109-07,TCGA-AO-A0JD-01A-11R-A056-07,TCGA-D8-A1JG-01B-11R-A13Q-07,TCGA-BH-A0BW-11A-12R-A115-07,TCGA-E2-A15T-01A-11R-A115-07,TCGA-AO-A128-01A-11R-A10J-07,TCGA-AN-A0FZ-01A-11R-A034-07,TCGA-A1-A0SH-01A-11R-A084-07,TCGA-E2-A14V-01A-11R-A12D-07,TCGA-BH-A1FB-01A-11R-A13Q-07,TCGA-D8-A1XD-01A-11R-A14D-07,TCGA-C8-A278-01A-11R-A169-07,TCGA-A2-A0EQ-01A-11R-A034-07,TCGA-AR-A0U2-01A-11R-A109-07,TCGA-BH-A18T-01A-11R-A12D-07,TCGA-BH-A1F5-01A-12R-A13Q-07,TCGA-EW-A1P8-01A-11R-A144-07,TCGA-B6-A0RO-01A-22R-A084-07,TCGA-E2-A15I-11A-32R-A137-07,TCGA-E2-A15I-01A-21R-A137-07,TCGA-AR-A24S-01A-11R-A169-07,TCGA-A2-A0ER-01A-21R-A034-07,TCGA-E2-A1B0-01A-11R-A12P-07,TCGA-AO-A12A-01A-21R-A115-07,TCGA-A2-A0D2-01A-21R-A034-07,TCGA-E9-A24A-01A-11R-A169-07,TCGA-BH-A1EW-11B-33R-A137-07,TCGA-LL-A441-01A-11R-A24H-07,TCGA-BH-A0H3-01A-11R-A12P-07,TCGA-A7-A26J-01A-11R-A169-07,TCGA-D8-A1JE-01A-11R-A13Q-07,TCGA-AO-A03L-01A-41R-A056-07,TCGA-AN-A0FS-01A-11R-A034-07,TCGA-AN-A0AM-01A-11R-A034-07,TCGA-V7-A7HQ-01A-11R-A33J-07,TCGA-GM-A3XL-01A-11R-A22U-07,TCGA-D8-A1XY-01A-11R-A14M-07,TCGA-B6-A0IO-01A-11R-A034-07,TCGA-C8-A137-01A-11R-A115-07,TCGA-LL-A73Z-01A-11R-A32P-07,TCGA-GM-A2DB-01A-31R-A18M-07,TCGA-AN-A0AL-01A-11R-A00Z-07,TCGA-A2-A0YC-01A-11R-A109-07,TCGA-AO-A0JB-01A-11R-A32Y-07,TCGA-AN-A0XU-01A-11R-A109-07,TCGA-BH-A0W4-01A-11R-A109-07,TCGA-A2-A0D1-01A-11R-A034-07,TCGA-B6-A0WZ-01A-11R-A109-07,TCGA-B6-A0IJ-01A-11R-A034-07,TCGA-B6-A0RE-01A-11R-A056-07,TCGA-AN-A0FY-01A-11R-A034-07,TCGA-A7-A13F-01A-11R-A12P-07,TCGA-BH-A1F0-01A-11R-A137-07,TCGA-BH-A0BT-01A-11R-A12P-07,TCGA-OL-A66O-01A-11R-A31O-07,TCGA-BH-A0AZ-11A-22R-A12P-07,TCGA-D8-A1JD-01A-11R-A13Q-07,TCGA-BH-A18K-11A-13R-A12D-07,TCGA-BH-A18K-01A-11R-A12D-07,TCGA-D8-A27F-01A-11R-A16F-07,TCGA-B6-A0IB-01A-11R-A034-07,TCGA-LL-A6FR-01A-12R-A31O-07,TCGA-BH-A1FH-11B-42R-A13Q-07,TCGA-A7-A0D9-01A-31R-A056-07,TCGA-A7-A0D9-11A-53R-A089-07,TCGA-A2-A3Y0-01A-11R-A239-07,TCGA-E2-A15K-11A-13R-A12P-07,TCGA-D8-A13Y-01A-11R-A115-07,TCGA-B6-A0WS-01A-11R-A115-07,TCGA-A2-A3XV-01A-21R-A239-07,TCGA-E2-A14Y-01A-21R-A12D-07,TCGA-LD-A7W5-01A-22R-A352-07,TCGA-A2-A04V-01A-21R-A034-07,TCGA-BH-A1EU-01A-11R-A137-07,TCGA-BH-A1EU-11A-23R-A137-07,TCGA-D8-A1XT-01A-11R-A14M-07,TCGA-E9-A22E-01A-11R-A157-07,TCGA-AN-A0FJ-01A-11R-A00Z-07,TCGA-E2-A15H-01A-11R-A12D-07,TCGA-BH-A0DO-11A-22R-A12D-07,TCGA-AR-A24P-01A-11R-A169-07,TCGA-AO-A0J2-01A-11R-A034-07,TCGA-EW-A2FS-01A-11R-A17B-07,TCGA-OL-A6VR-01A-32R-A33J-07,TCGA-D8-A1JF-01A-11R-A13Q-07,TCGA-BH-A0DG-01A-21R-A12P-07,TCGA-OL-A5D8-01A-11R-A27Q-07,TCGA-D8-A27H-01A-11R-A16F-07,TCGA-A2-A1G6-01A-11R-A13Q-07,TCGA-A2-A0YH-01A-11R-A109-07,TCGA-AO-A03V-01A-11R-A115-07,TCGA-BH-A208-11A-51R-A157-07,TCGA-A7-A26H-01A-11R-A169-07,TCGA-E2-A153-11A-31R-A12D-07,TCGA-E2-A153-01A-12R-A12D-07,TCGA-A2-A1G1-01A-21R-A13Q-07,TCGA-E2-A1IK-01A-11R-A144-07,TCGA-A2-A0CY-01A-12R-A034-07,TCGA-AN-A0FT-01A-11R-A034-07,TCGA-E2-A155-01A-11R-A12D-07,TCGA-A2-A0SV-01A-11R-A084-07,TCGA-E9-A22G-01A-11R-A157-07,TCGA-AR-A0TS-01A-11R-A115-07,TCGA-AN-A0FD-01A-11R-A034-07,TCGA-BH-A0BS-01A-11R-A12P-07,TCGA-S3-AA11-01A-31R-A41B-07,TCGA-BH-A0BZ-01A-31R-A12P-07,TCGA-B6-A0RM-01A-11R-A084-07,TCGA-BH-A1EN-11A-23R-A13Q-07,TCGA-BH-A1EN-01A-11R-A13Q-07,TCGA-C8-A12Y-01A-11R-A12D-07,TCGA-B6-A0WT-01A-11R-A109-07,TCGA-C8-A12V-01A-11R-A115-07,TCGA-EW-A1PC-01B-11R-A21T-07,TCGA-A2-A0EO-01A-11R-A034-07,TCGA-UL-AAZ6-01A-11R-A41B-07,TCGA-A2-A0CL-01A-11R-A115-07,TCGA-BH-A1F8-01A-11R-A13Q-07,TCGA-A2-A0CQ-01A-21R-A034-07,TCGA-BH-A6R8-01A-21R-A33J-07,TCGA-BH-A0BQ-01A-21R-A115-07,TCGA-AC-A62X-01A-11R-A29R-07,TCGA-C8-A1HK-01A-21R-A13Q-07,TCGA-BH-A0B6-01A-11R-A19W-07,TCGA-C8-A12T-01A-11R-A115-07,TCGA-D8-A1XA-01A-11R-A14D-07,TCGA-E2-A15A-06A-11R-A12D-07,TCGA-E2-A15A-01A-11R-A12D-07,TCGA-A7-A0CH-01A-21R-A00Z-07,TCGA-BH-A1EW-01A-11R-A137-07,TCGA-A7-A0CE-01A-11R-A00Z-07,TCGA-GM-A2DI-01A-31R-A18M-07,TCGA-E9-A243-01A-21R-A169-07,TCGA-E2-A1LH-11A-22R-A14D-07,TCGA-E2-A159-01A-11R-A115-07,TCGA-BH-A1FG-11B-12R-A13Q-07,TCGA-LL-A7T0-01A-31R-A352-07,TCGA-D8-A27N-01A-11R-A16F-07,TCGA-B6-A400-01A-11R-A239-07,TCGA-C8-A26Z-01A-11R-A16F-07,TCGA-AR-A24R-01A-11R-A169-07,TCGA-BH-A1FN-11A-34R-A13Q-07,TCGA-BH-A1FN-01A-11R-A13Q-07,TCGA-E2-A1BD-01A-11R-A12P-07,TCGA-B6-A1KN-01A-11R-A13Q-07,TCGA-AR-A1AH-01A-11R-A12D-07,TCGA-BH-A208-01A-11R-A157-07,TCGA-B6-A402-01A-11R-A239-07,TCGA-A2-A0YJ-01A-11R-A109-07,TCGA-BH-A1FM-11B-23R-A13Q-07,TCGA-D8-A141-01A-11R-A115-07,TCGA-GM-A2DH-01A-11R-A180-07,TCGA-AC-A23H-01A-11R-A157-07,TCGA-C8-A273-01A-11R-A16F-07,TCGA-B6-A0X7-01A-11R-A10J-07,TCGA-E2-A1L9-01A-11R-A13Q-07,TCGA-E2-A9RU-01A-11R-A41B-07,TCGA-A7-A13E-01A-11R-A277-07,TCGA-E9-A1R3-01A-31R-A14M-07,TCGA-B6-A401-01A-11R-A239-07,TCGA-E2-A570-01A-11R-A29R-07,TCGA-C8-A275-01A-21R-A16F-07,TCGA-S3-AA0Z-01A-11R-A41B-07,TCGA-E9-A229-01A-31R-A157-07,TCGA-D8-A1XM-01A-21R-A14M-07,TCGA-AN-A0FW-01A-11R-A034-07,TCGA-LL-A6FQ-01A-11R-A31O-07,TCGA-B6-A0RS-01A-11R-A084-07,TCGA-A2-A0T0-01A-22R-A084-07,TCGA-A2-A0CU-01A-12R-A034-07,TCGA-BH-A0AU-01A-11R-A12P-07,TCGA-D8-A1Y1-01A-21R-A14M-07,TCGA-AO-A1KP-01A-11R-A13Q-07,TCGA-E9-A1RD-01A-11R-A157-07,TCGA-OL-A6VO-01A-12R-A33J-07,TCGA-E9-A1RD-11A-33R-A157-07,TCGA-AR-A1AO-01A-11R-A12P-07,TCGA-AR-A254-01A-21R-A169-07,TCGA-D8-A27L-01A-11R-A16F-07,TCGA-D8-A1J8-01A-11R-A13Q-07,TCGA-E2-A14X-01A-11R-A115-07,TCGA-AQ-A04H-01B-11R-A10J-07,TCGA-BH-A0BR-01A-21R-A115-07,TCGA-BH-A0HY-01A-11R-A056-07,TCGA-A2-A0CW-01A-21R-A115-07,TCGA-AN-A041-01A-11R-A034-07,TCGA-A2-A0D0-01A-11R-A00Z-07,TCGA-E9-A227-01A-11R-A157-07,TCGA-C8-A1HM-01A-12R-A137-07,TCGA-AR-A24N-01A-11R-A169-07,TCGA-E2-A14Q-01A-11R-A12D-07,TCGA-AN-A0FK-01A-11R-A034-07,TCGA-E2-A154-01A-11R-A115-07,TCGA-BH-A0H5-11A-62R-A115-07,TCGA-BH-A18J-11A-31R-A12D-07,TCGA-A2-A0YF-01A-21R-A109-07,TCGA-E9-A1N8-01A-11R-A144-07,TCGA-GM-A2DD-01A-11R-A180-07,TCGA-BH-A203-01A-12R-A169-07,TCGA-D8-A1JL-01A-11R-A13Q-07,TCGA-B6-A1KF-01A-11R-A13Q-07,TCGA-AN-A03X-01A-21R-A00Z-07,TCGA-BH-A1FJ-01A-11R-A13Q-07,TCGA-AN-A0XR-01A-11R-A109-07,TCGA-BH-A18R-11A-42R-A12D-07,TCGA-BH-A18R-01A-11R-A12D-07,TCGA-AO-A0J6-01A-11R-A034-07,TCGA-AR-A1AX-01A-11R-A12P-07,TCGA-LL-A5YN-01A-11R-A28M-07,TCGA-AR-A1AR-01A-31R-A137-07,TCGA-C8-A27B-01A-11R-A169-07,TCGA-GM-A2DL-01A-11R-A18M-07,TCGA-A7-A56D-01A-11R-A27Q-07,TCGA-E9-A1ND-11A-43R-A144-07,TCGA-AO-A03P-01A-11R-A00Z-07,TCGA-D8-A1JH-01A-11R-A13Q-07,TCGA-A1-A0SD-01A-11R-A115-07,TCGA-A2-A0SU-01A-11R-A084-07,TCGA-E2-A14O-01A-31R-A115-07,TCGA-S3-A6ZF-01A-32R-A32P-07,TCGA-D8-A147-01A-11R-A115-07,TCGA-OL-A66P-01A-11R-A31O-07,TCGA-AQ-A1H3-01A-31R-A13Q-07,TCGA-B6-A0RI-01A-11R-A056-07,TCGA-A2-A0YE-01A-11R-A109-07,TCGA-E2-A150-01A-11R-A12D-07,TCGA-B6-A0I2-01A-11R-A034-07,TCGA-AN-A049-01A-21R-A00Z-07,TCGA-E9-A1RA-01A-11R-A14D-07,TCGA-A1-A0SF-01A-11R-A144-07,TCGA-S3-AA17-01A-11R-A41B-07,TCGA-A2-A0D3-01A-11R-A115-07,TCGA-C8-A132-01A-31R-A115-07,TCGA-B6-A0X4-01A-11R-A109-07,TCGA-A7-A4SD-01A-11R-A266-07,TCGA-AO-A03R-01A-21R-A034-07,TCGA-AR-A24U-01A-11R-A169-07,TCGA-AN-A0FV-01A-11R-A00Z-07,TCGA-BH-A0H5-01A-21R-A115-07,TCGA-A7-A13D-01B-04R-A277-07,TCGA-A7-A13D-01A-13R-A277-07,TCGA-E2-A14P-01A-31R-A12D-07,TCGA-AN-A04A-01A-21R-A034-07,TCGA-C8-A27A-01A-11R-A169-07,TCGA-E9-A1RG-01A-11R-A14D-07,TCGA-BH-A0W3-01A-11R-A109-07,TCGA-AC-A8OQ-01A-11R-A41B-07,TCGA-D8-A27M-01A-11R-A16F-07,TCGA-OL-A66L-01A-12R-A31O-07,TCGA-D8-A1JU-01A-11R-A13Q-07,TCGA-C8-A1HE-01A-11R-A13Q-07,TCGA-EW-A2FR-01A-11R-A21T-07,TCGA-E9-A1NH-01A-11R-A14D-07,TCGA-A7-A26I-01B-06R-A22O-07,TCGA-BH-A203-11A-42R-A169-07,TCGA-AO-A0JF-01A-11R-A056-07,TCGA-A2-A04R-01A-41R-A109-07,TCGA-EW-A1PB-01A-11R-A144-07,TCGA-LL-A73Y-01A-11R-A33J-07,TCGA-E2-A15O-01A-11R-A115-07,TCGA-S3-A6ZH-01A-22R-A32P-07,TCGA-E2-A15F-01A-11R-A115-07,TCGA-E2-A158-01A-11R-A12D-07,TCGA-A7-A0DB-01A-11R-A00Z-07,TCGA-A7-A0DB-11A-33R-A089-07,TCGA-E2-A156-01A-11R-A12D-07,TCGA-A7-A0DB-01A-11R-A277-07,TCGA-E2-A152-01A-11R-A12D-07,TCGA-AN-A0XN-01A-21R-A109-07,TCGA-E9-A1R0-01A-22R-A16F-07,TCGA-AN-A0FN-01A-11R-A034-07,TCGA-B6-A0RH-01A-21R-A115-07,TCGA-A2-A1G4-01A-11R-A13Q-07,TCGA-E2-A106-01A-11R-A10J-07,TCGA-BH-A1FU-01A-11R-A14D-07,TCGA-BH-A1FU-11A-23R-A14D-07,TCGA-AC-A5EH-01A-11R-A28M-07,TCGA-AQ-A1H2-01A-11R-A13Q-07,TCGA-D8-A27P-01A-11R-A16F-07,TCGA-E9-A1RF-01A-11R-A157-07,TCGA-AO-A129-01A-21R-A10J-07,TCGA-A2-A0CX-01A-21R-A00Z-07,TCGA-AR-A0TZ-01A-12R-A084-07,TCGA-E9-A249-01A-11R-A169-07,TCGA-AC-A6IW-01A-12R-A33J-07,TCGA-E2-A10B-01A-11R-A10J-07,TCGA-A2-A0CP-01A-11R-A034-07,TCGA-PL-A8LX-01A-11R-A41B-07,TCGA-A2-A3XZ-01A-42R-A239-07,TCGA-A2-A0EU-01A-22R-A056-07,TCGA-S3-AA15-01A-11R-A41B-07,TCGA-C8-A26W-01A-11R-A16F-07,TCGA-E9-A245-01A-22R-A16F-07,TCGA-C8-A12O-01A-11R-A115-07,TCGA-BH-A18F-01A-11R-A12D-07,TCGA-E2-A573-01A-11R-A29R-07,TCGA-AN-A04D-01A-21R-A034-07,TCGA-BH-A1ET-01A-11R-A137-07,TCGA-BH-A1ET-11B-23R-A137-07,TCGA-AO-A12D-01A-11R-A115-07,TCGA-A2-A0EM-01A-11R-A034-07,TCGA-A2-A04U-01A-11R-A115-07,TCGA-BH-A18J-01A-11R-A12D-07,TCGA-AO-A126-01A-11R-A10J-07,TCGA-BH-A18H-01A-11R-A12D-07,TCGA-AO-A0JA-01A-11R-A056-07,TCGA-BH-A202-01A-11R-A14M-07,TCGA-BH-A201-01A-11R-A14M-07,TCGA-WT-AB41-01A-11R-A41B-07,TCGA-A7-A13D-01A-13R-A12P-07,TCGA-AR-A24V-01A-21R-A169-07,TCGA-D8-A140-01A-11R-A115-07,TCGA-C8-A12P-01A-11R-A115-07,TCGA-AN-A0XV-01A-11R-A109-07,TCGA-A2-A1FX-01A-11R-A13Q-07,TCGA-E2-A105-01A-11R-A10J-07,TCGA-A7-A26I-01A-11R-A169-07,TCGA-D8-A1XW-01A-11R-A14M-07,TCGA-AR-A0TP-01A-11R-A084-07,TCGA-C8-A26V-01A-11R-A16F-07,TCGA-BH-A1FJ-11B-42R-A13Q-07,TCGA-AO-A0J4-01A-11R-A034-07,TCGA-A2-A0CM-01A-31R-A034-07,TCGA-D8-A1X5-01A-11R-A14D-07,TCGA-AN-A0AR-01A-11R-A00Z-07,TCGA-B6-A0WW-01A-11R-A109-07,TCGA-E2-A158-11A-22R-A12D-07,TCGA-A7-A0DB-01C-02R-A277-07,TCGA-BH-A0BP-01A-11R-A115-07,TCGA-A2-A3XS-01A-11R-A22U-07,TCGA-E9-A1ND-01A-11R-A144-07,TCGA-E2-A109-01A-11R-A10J-07,TCGA-AN-A03Y-01A-21R-A00Z-07,TCGA-GM-A2DA-01A-11R-A18M-07,TCGA-AR-A0TR-01A-11R-A084-07,TCGA-OL-A5D6-01A-21R-A27Q-07,TCGA-A2-A0YG-01A-21R-A109-07,TCGA-EW-A1IZ-01A-11R-A13Q-07,TCGA-E9-A1RF-11A-32R-A157-07,TCGA-A7-A6VY-01A-12R-A33J-07,TCGA-A2-A25F-01A-11R-A169-07,TCGA-E2-A15D-01A-11R-A115-07,TCGA-OL-A5D7-01A-11R-A27Q-07,TCGA-AQ-A04J-01A-02R-A034-07,TCGA-AO-A1KR-01A-12R-A144-07,TCGA-C8-A12N-01A-11R-A115-07,TCGA-LL-A5YO-01A-21R-A28M-07,TCGA-A2-A1FZ-01A-51R-A14D-07,TCGA-C8-A12U-01A-11R-A115-07,TCGA-AR-A1AQ-01A-11R-A12P-07,TCGA-A7-A6VW-01A-21R-A33J-07,TCGA-A2-A0SW-01A-11R-A084-07,TCGA-A2-A4S3-01A-21R-A266-07,TCGA-C8-A12Z-01A-11R-A115-07,TCGA-E9-A228-01A-31R-A157-07,TCGA-E9-A247-01A-11R-A169-07,TCGA-D8-A1JJ-01A-31R-A14M-07,TCGA-D8-A1XB-01A-11R-A14D-07,TCGA-B6-A0X5-01A-21R-A109-07,TCGA-BH-A1FD-01A-11R-A13Q-07,TCGA-BH-A0BS-11A-11R-A12P-07,TCGA-GM-A2DF-01A-11R-A180-07,TCGA-BH-A0BZ-11A-61R-A12P-07,TCGA-BH-A0BW-01A-11R-A115-07,TCGA-A2-A25B-01A-11R-A169-07,TCGA-BH-A1FE-06A-11R-A213-07,TCGA-A7-A6VV-01A-22R-A33J-07,TCGA-AN-A0FF-01A-11R-A034-07,TCGA-A2-A3XW-01A-11R-A239-07,TCGA-A2-A3XT-01A-11R-A22U-07,TCGA-A2-A0ET-01A-31R-A034-07,TCGA-BH-A1FB-11A-33R-A13Q-07,TCGA-A2-A1G0-01A-11R-A13Q-07,TCGA-D8-A1Y3-01A-11R-A157-07,TCGA-BH-A5J0-01A-11R-A27Q-07,TCGA-E2-A1B1-01A-21R-A12P-07,TCGA-C8-A1HN-01A-11R-A137-07,TCGA-B6-A0RT-01A-21R-A084-07,TCGA-C8-A12M-01A-11R-A115-07,TCGA-BH-A1F8-11B-21R-A13Q-07,TCGA-A7-A6VX-01A-12R-A33J-07,TCGA-BH-A0BQ-11A-33R-A115-07,TCGA-A2-A1FW-01A-11R-A13Q-07,TCGA-D8-A27K-01A-11R-A16F-07,TCGA-BH-A0BF-01A-21R-A12P-07,TCGA-LD-A9QF-01A-32R-A41B-07,TCGA-E2-A14S-01A-11R-A12D-07,TCGA-E2-A574-01A-11R-A29R-07,TCGA-GM-A2DK-01A-21R-A180-07,TCGA-AO-A03M-01B-11R-A10J-07,TCGA-BH-A1F6-01A-11R-A13Q-07,TCGA-B6-A0WY-01A-11R-A109-07,TCGA-BH-A0BL-01A-11R-A115-07,TCGA-A2-A0EY-01A-11R-A034-07,TCGA-A2-A0T2-01A-11R-A084-07,TCGA-EW-A6S9-01A-22R-A33J-07,TCGA-D8-A1X6-01A-11R-A14M-07,TCGA-E9-A1N6-01A-11R-A144-07,TCGA-E2-A1L6-01A-11R-A13Q-07,TCGA-E2-A1LB-01A-11R-A144-07,TCGA-E2-A1LB-11A-22R-A144-07,TCGA-BH-A1ES-06A-12R-A24H-07,TCGA-BH-A1ES-01A-11R-A137-07,TCGA-E9-A1R5-01A-11R-A14M-07,TCGA-E2-A15S-01A-11R-A115-07,TCGA-C8-A26X-01A-31R-A16F-07,TCGA-AO-A12C-01A-11R-A10J-07,TCGA-E2-A1IF-01A-11R-A144-07,TCGA-B6-A0RG-01A-11R-A056-07,TCGA-E2-A14N-01A-31R-A137-07,TCGA-E2-A10C-01A-21R-A10J-07,TCGA-AN-A04C-01A-21R-A034-07,TCGA-C8-A12W-01A-11R-A115-07,TCGA-BH-A18N-01A-11R-A12D-07,TCGA-A7-A0CE-11A-21R-A089-07,TCGA-C8-A12K-01A-21R-A115-07,TCGA-A7-A13G-01A-11R-A13Q-07,TCGA-A7-A13G-01B-04R-A22O-07,TCGA-E2-A1II-01A-11R-A144-07,TCGA-D8-A1JC-01A-11R-A13Q-07,TCGA-AO-A0JC-01A-11R-A056-07,TCGA-BH-A0DX-01A-11R-A115-07,TCGA-C8-A1HF-01A-11R-A137-07,TCGA-B6-A0I6-01A-11R-A034-07,TCGA-A2-A3XU-01A-12R-A22U-07,TCGA-AN-A0XT-01A-11R-A109-07,TCGA-C8-A1HJ-01A-11R-A13Q-07,TCGA-D8-A1JM-01A-11R-A13Q-07,TCGA-B6-A0I8-01A-11R-A034-07,TCGA-BH-A1EY-01A-11R-A13Q-07,TCGA-BH-A204-11A-53R-A157-07,TCGA-AN-A0AT-01A-11R-A034-07,TCGA-A2-A0T3-01A-21R-A115-07,TCGA-E2-A15E-01A-11R-A12D-07,TCGA-A1-A0SQ-01A-21R-A144-07,TCGA-E2-A15E-06A-11R-A12D-07,TCGA-EW-A1P3-01A-11R-A144-07,TCGA-D8-A1XG-01A-11R-A14D-07,TCGA-E9-A1RE-01A-11R-A157-07,TCGA-BH-A0B7-01A-12R-A115-07,TCGA-B6-A0RN-01A-12R-A084-07,TCGA-BH-A0EA-01A-11R-A115-07,TCGA-BH-A0BG-01A-11R-A115-07,TCGA-B6-A409-01A-11R-A24H-07,TCGA-E9-A248-01A-11R-A169-07,TCGA-BH-A0AZ-01A-21R-A12P-07,TCGA-BH-A1FH-01A-12R-A13Q-07,TCGA-AN-A0FX-01A-11R-A034-07,TCGA-B6-A0X1-01A-11R-A109-07,TCGA-AN-A0XO-01A-11R-A109-07,TCGA-A2-A0CZ-01A-11R-A034-07,TCGA-A2-A0SX-01A-12R-A084-07,TCGA-B6-A0I5-01A-11R-A034-07,TCGA-GI-A2C9-01A-11R-A21T-07,TCGA-AR-A250-01A-31R-A169-07,TCGA-GI-A2C9-11A-22R-A21T-07,TCGA-E9-A1NG-11A-52R-A14M-07,TCGA-EW-A1P5-01A-11R-A144-07,TCGA-E2-A15P-01A-11R-A115-07,TCGA-B6-A0RL-01A-11R-A084-07,TCGA-C8-A130-01A-31R-A115-07,TCGA-D8-A1J9-01A-11R-A13Q-07,TCGA-BH-A1FG-01A-11R-A13Q-07,TCGA-E2-A15C-01A-31R-A12D-07,TCGA-E2-A14Z-01A-11R-A115-07,TCGA-EW-A3U0-01A-11R-A22K-07,TCGA-E2-A10E-01A-21R-A10J-07,TCGA-AR-A0TY-01A-12R-A115-07,TCGA-E2-A1B4-01A-11R-A12P-07,TCGA-A7-A4SE-01A-11R-A266-07,TCGA-GM-A2DC-01A-11R-A18M-07,TCGA-C8-A1HG-01A-11R-A137-07,TCGA-E9-A226-01A-21R-A157-07,TCGA-BH-A0BO-01A-23R-A12D-07,TCGA-E9-A1R7-01A-11R-A14M-07,TCGA-E9-A1R7-11A-42R-A14M-07,TCGA-D8-A1JB-01A-11R-A13Q-07,TCGA-A2-A25E-01A-11R-A169-07,TCGA-E2-A10A-01A-21R-A115-07,TCGA-AQ-A04L-01B-21R-A10J-07,TCGA-A2-A25C-01A-11R-A169-07,TCGA-BH-A1EX-01A-11R-A13Q-07,TCGA-BH-A0DE-01A-11R-A115-07,TCGA-A2-A0T7-01A-21R-A084-07,TCGA-C8-A12L-01A-11R-A115-07,TCGA-AN-A0AS-01A-11R-A00Z-07,TCGA-BH-A42V-01A-11R-A24H-07,TCGA-UU-A93S-01A-21R-A41B-07,TCGA-D8-A13Z-01A-11R-A115-07,TCGA-AR-A0TQ-01A-11R-A084-07,TCGA-B6-A0I1-01A-11R-A21T-07,TCGA-D8-A1XF-01A-11R-A14D-07,TCGA-AR-A251-01A-12R-A169-07,TCGA-A7-A13E-01A-11R-A12P-07,TCGA-E2-A56Z-01A-12R-A29R-07,TCGA-AN-A0XL-01A-11R-A10J-07,TCGA-D8-A145-01A-11R-A115-07,TCGA-E9-A1R6-01A-11R-A14D-07,TCGA-AO-A12F-01A-11R-A115-07,TCGA-E2-A14T-01A-11R-A115-07,TCGA-E2-A1B6-01A-31R-A12P-07,TCGA-EW-A1OZ-01A-11R-A144-07,TCGA-PL-A8LZ-01A-31R-A36F-07,TCGA-LL-A8F5-01A-11R-A36F-07,TCGA-AR-A1AP-01A-11R-A12P-07,TCGA-E9-A1RB-11A-33R-A157-07,TCGA-AN-A0XS-01A-22R-A109-07,TCGA-AC-A5XU-01A-11R-A28M-07,TCGA-AN-A0G0-01A-11R-A034-07,TCGA-B6-A0IG-01A-11R-A034-07,TCGA-AR-A1AU-01A-11R-A12P-07,TCGA-A2-A0T5-01A-21R-A084-07,TCGA-AR-A1AY-01A-21R-A12P-07,TCGA-E2-A1L7-11A-33R-A144-07,TCGA-E2-A1L7-01A-11R-A144-07,TCGA-AN-A0XW-01A-11R-A109-07,TCGA-E9-A1R4-01A-21R-A14D-07,TCGA-A7-A0DC-01B-04R-A22O-07,TCGA-A7-A0DC-01A-11R-A00Z-07,TCGA-A7-A0DC-11A-41R-A089-07,TCGA-GI-A2C8-11A-22R-A16F-07,TCGA-GI-A2C8-01A-11R-A16F-07,TCGA-AO-A0JI-01A-21R-A056-07,TCGA-A7-A0CD-01A-11R-A00Z-07,TCGA-C8-A1HI-01A-11R-A137-07,TCGA-D8-A1XU-01A-11R-A14M-07,TCGA-D8-A1XR-01A-11R-A14M-07,TCGA-D8-A27R-01A-11R-A16F-07,TCGA-BH-A18L-01A-32R-A12D-07,TCGA-E9-A1R2-01A-11R-A14D-07,TCGA-C8-A134-01A-11R-A115-07,TCGA-BH-A0HA-01A-11R-A12P-07,TCGA-BH-A0HA-11A-31R-A12P-07,TCGA-E2-A1IG-01A-11R-A144-07,TCGA-D8-A1JP-01A-11R-A13Q-07,TCGA-AR-A252-01A-11R-A169-07,TCGA-D8-A1XL-01A-11R-A14M-07,TCGA-BH-A0EI-01A-11R-A115-07,TCGA-E2-A1IO-01A-11R-A144-07,TCGA-E2-A15R-01A-11R-A115-07,TCGA-A1-A0SN-01A-11R-A144-07
MAGEA9,ENSG00000123584.7,0,0,0,0,0,0,2,0,0,0,0,0,0,0,0,0,0,0,0,0,0,0,0,0,0,0,1,0,0,0,0,0,0,0,0,0,1,0,0,0,0,0,0,0,0,0,0,0,0,0,0,32,0,0,0,0,0,0,0,0,0,0,0,0,0,0,0,0,0,0,0,0,0,0,0,0,0,0,1,0,0,0,0,0,0,1,0,0,0,3,0,0,1,0,0,1,1,0,0,0,0,0,0,0,0,1,0,0,0,0,0,0,0,0,0,0,0,0,0,0,0,0,0,0,6,0,0,0,0,0,0,0,0,0,0,0,0,0,0,0,0,0,0,0,0,0,0,0,0,0,0,0,0,0,0,0,0,0,190,0,0,0,0,0,0,0,0,0,0,0,0,0,0,2,0,1,0,0,0,0,0,0,0,0,0,0,12,0,0,0,0,0,0,0,0,0,0,0,0,69,0,0,0,0,0,0,0,0,0,0,0,2,0,0,0,0,0,0,0,0,0,0,0,0,0,1,0,0,0,0,0,0,0,0,0,0,0,1,0,0,0,0,0,0,0,0,0,2,0,0,0,0,0,0,0,0,0,0,0,0,0,0,0,0,0,0,0,0,0,0,0,0,9,0,0,0,0,0,0,0,0,0,0,0,0,0,0,0,0,0,0,0,0,0,0,0,0,0,0,1,1,0,3,2,0,0,0,0,0,0,0,0,0,0,0,0,0,0,0,0,0,0,0,0,0,0,0,0,0,0,0,0,0,0,0,0,0,0,0,0,0,0,0,0,0,0,0,0,0,0,0,0,0,0,0,0,0,0,0,0,0,0,0,0,0,0,0,0,25,0,0,355,0,0,0,0,0,0,1,0,50,0,0,0,0,0,0,1,0,0,0,0,77,1,0,0,0,1,0,0,0,0,0,0,1,0,0,0,0,0,28,0,0,0,0,0,0,0,0,0,0,0,0,0,0,0,0,0,0,0,0,0,0,0,0,0,0,0,0,0,0,0,0,0,0,0,0,0,0,0,8,0,0,0,0,24,1,0,0,0,0,0,0,1,0,0,0,0,0,0,0,0,0,0,0,0,0,0,0,0,0,0,0,0,0,0,0,0,0,0,0,0,0,0,0,0,0,11,0,0,0,1,0,0,0,0,0,0,144,0,0,0,0,0,0,0,0,0,0,0,0,0,0,0,0,0,0,0,9,0,0,0,0,0,0,0,0,0,0,0,0,0,0,0,0,10,0,0,0,0,0,0,0,0,0,0,0,0,0,0,4,0,0,0,0,0,0,0,0,0,0,0,0,0,0,0,9,234,18,0,0,0,0,0,0,0,0,0,0,0,0,0,0,0,0,0,0,0,1,106,0,1,0,0,0,0,0,0,0,0,1,0,0,0,0,0,0,0,0,0,0,0,0,0,0,0,258,0,0,0,0,0,0,0,0,0,0,0,0,0,0,0,0,0,0,0,0,0,0,0,0,0,0,1,0,0,0,0,0,0,0,0,0,0,0,0,0,0,1,273,0,0,0,0,0
MAGEA10,ENSG00000124260.12,0,1,4,0,0,0,0,0,0,0,0,0,0,2,0,0,2,28,0,0,0,0,2,0,0,0,0,0,0,0,1349,2,1,0,0,2,1,0,136,0,0,0,0,0,2,1,0,0,0,1,0,0,0,0,0,0,0,0,1,0,0,0,0,0,0,0,0,3,0,1,0,0,0,0,1,1,0,0,12,3,0,0,13,0,1,0,0,0,0,367,0,0,1135,1,0,46,1,0,2,1,424,0,0,0,0,0,0,0,1,0,3,1,0,0,0,1,0,0,0,0,2,0,0,0,0,0,0,1,0,0,0,0,0,0,0,72,0,4,0,2,178,0,0,0,0,1,0,329,0,0,2,0,0,0,25,0,0,3,1,1,3,1,0,0,0,0,0,0,0,4,1,0,0,1,1260,18,0,0,0,0,0,0,0,0,1,0,1896,285,1,0,0,0,2,0,0,0,0,0,0,20,0,0,0,0,0,0,0,0,1,0,0,0,0,1,0,1,0,1,2,0,0,0,0,1,3,1,0,1,0,0,0,7,0,0,0,9,0,0,0,0,0,0,1,0,0,0,0,11,0,92,3,0,0,3,0,0,1,0,0,0,0,0,0,1,0,0,5,1,0,0,0,0,2,0,0,0,1,14,5,0,0,2,0,0,0,3,1,0,0,2,0,0,4,0,0,0,0,0,0,14,0,1,0,0,0,0,0,0,0,0,0,1,0,0,0,0,2,0,0,0,2,0,0,1,0,0,0,3,0,0,0,3,8,0,0,0,0,0,3,0,5,0,0,0,0,0,0,1,0,1,0,0,0,0,1,0,0,0,1,0,0,0,0,0,0,2,0,0,2394,0,0,17,0,29,11,1392,0,4,0,0,1,0,1,0,0,35,0,4,0,2,0,0,0,0,0,0,0,0,0,0,1,0,0,0,0,6,0,0,0,0,0,0,0,0,1,0,0,0,0,1,0,0,0,0,0,0,3,0,0,0,0,0,0,1,0,0,0,0,0,0,3,0,0,3,0,0,1,0,0,0,4,0,0,0,0,0,0,1,3672,0,0,1,0,7,2,0,2,0,0,2,0,0,0,4,0,0,0,6,8,0,1,1,0,0,1,1,37,0,0,0,0,0,0,0,0,0,1,1700,0,0,0,0,0,2,1,0,1,0,0,1,2,1,0,0,0,0,0,0,1,1,0,2,0,3,0,0,0,2,20,0,0,0,0,0,0,383,0,1,0,0,0,0,1,0,0,5,0,0,0,0,0,0,2,132,0,0,1,0,0,0,2,0,0,0,1,837,0,0,0,0,0,0,0,9,0,0,1302,36,670,0,0,0,7,1,0,0,0,2,0,2,0,0,0,0,0,0,0,0,1,1234,0,880,0,1,2,10,0,0,0,0,0,0,0,2,0,18,0,1,0,1,1,5,0,0,5,1,1559,0,0,0,0,0,0,0,1,0,0,0,0,0,1,0,0,0,1,0,0,0,0,0,0,0,1,0,0,0,0,0,0,0,0,447,0,1,0,0,0,0,1,0,0,0,0,0,0
MAGEA4,ENSG00000147381.11,0,1,17,33,0,0,435,0,0,20,0,1,0,0,0,6,0,65,3,3,0,1,2,0,0,0,3,16,1,0,10,0,0,0,0,0,0,0,2,0,0,7,0,5115,0,0,0,0,1,0,1,0,0,0,1,0,0,0,0,82,4,0,0,0,0,1,0,8,0,0,0,0,380,0,0,833,0,0,5,0,0,0,3187,0,0,0,0,0,0,978,1,0,2862,0,5,24,0,0,0,0,9882,0,0,1,0,0,0,3,0,0,31,0,0,4,0,51,5,0,5,0,0,0,0,3,22,0,0,0,0,0,0,0,0,13,0,47,26,0,0,0,5706,0,0,0,0,22,5,0,0,0,0,0,0,0,198,0,0,3,35,0,0,1,0,0,1,0,0,0,0,4,0,8,0,172,841,2963,0,0,0,0,0,0,1,10,0,3,9591,9,0,0,0,0,9,1,1,536,0,17,5,19809,2,0,0,0,0,0,0,0,0,0,1,0,0,0,0,1,0,0,1,2,0,44,0,2,0,0,0,0,0,14,0,2,0,0,17,2018,3,0,0,0,2,0,0,0,0,0,0,148,0,4,19,13,0,1,0,0,0,0,2,0,1,1,0,2,0,0,2036,0,0,0,0,0,52,0,0,0,20,1,0,0,4,2,1,0,0,8123,0,0,0,0,0,0,1,1,2,1,4,0,1,0,0,1,232,0,6,2,0,0,0,0,2763,1,0,0,1,0,4,0,36,0,0,0,0,0,0,0,0,0,0,0,0,0,4,0,0,0,0,0,0,1,10868,9,23,0,5,0,15,2,1,0,0,0,0,0,15468,4,0,14,4167,2,0,1,0,0,1,3,9,1,2417,0,1,770,2,11,6,8,1,54,3,0,6288,2,0,1,0,1458,2,0,0,18,0,17173,0,0,0,0,0,0,2,0,0,4,0,0,1,8,0,0,0,0,6985,0,0,0,65,37,0,0,0,0,0,0,0,37,0,1,3,0,46,4099,0,0,0,19,0,2,0,0,0,1,1,0,0,6,0,0,20,0,0,0,5,0,0,0,0,0,0,0,9776,0,0,0,0,3,0,0,34,0,0,1,0,0,0,0,0,0,0,54,6,0,105,1,0,6,2,1,1,8,0,0,2,2,0,0,7,591,0,7961,0,0,7,0,0,1,0,0,0,2,0,0,442,7,0,0,0,0,1,0,11,1,0,184,0,15,0,2,4548,32,18334,0,0,0,0,7,5,2,0,3,0,1,0,1,32,0,2,16,4,0,5,3,1,0,1,1,17,2,0,1,0,0,8166,0,7,0,0,4975,0,0,0,1,0,0,0,77,0,0,10681,4002,8436,0,0,0,1237,3,0,0,1,11,1,0,0,0,0,1,18,0,0,0,7,4050,0,1,0,0,0,11,0,0,3,0,4,0,0,3,0,1,0,0,2,0,0,7377,0,0,0,1,6,3,0,0,0,1,0,0,0,0,1,0,0,0,0,0,0,18,0,0,1,1,0,0,0,0,0,4,0,11,0,4,0,0,0,372,0,1,0,0,0,0,7,0,1,0,0,0,4
MAGEA8,ENSG00000156009.10,2,9,79,12,22,0,4,9,2,5,7,2,1,2,3,3,8,1,1474,1,12,3,0,1,0,0,8,0,2,12,33,4,14,17,6,0,3,1,6,3,1,10,3,1,9,2,0,17,0,9,4,30,0,0,0,296,1,11,5,0,6,3,4,11,9,3,5,5,7,0,3,1,0,5,8,2,5,11,5,2,2,4,2457,3,5,3,5,0,7,2,19,2,3,2,7,29,8,0,0,4,94,2,1,3,18,1,41,6,3,1,5,17,11,2,16,0,2,2,3,37,7,2,10,1,15,1,5,1,3,6,0,1,25,3,1,32,2,5,4,104,24,7,11,12,20,2,2,0,3,9,8,1,0,6,4,6,3,3,2,5,24,15,1,3,1,19,22,0,0,3,10,12,0,2,1,15,9,0,1,7,2,9,3,2,13,2,12,1,2,21,10,7,9,1,6,0,3,1,1,892,1,2,1,0,1,1,2,32,7,1,1,5,18,6,1,2,8,4,11,4,12,11,11,7,4,9,4,6,1,12,1,2,8,41,5,11,2,2,0,10,18,13,2,6,0,4,4,11,4,17,3,5,4,0,4,2,1,1,1,4,29,30,1,4,14,1,12,6,2,2,13,5,0,49,6,3,2,32,19,20,2,3,3,12,10,2,2,6,12,7,0,4,2,5,0,3,19,1,1,25,0,7,0,15,11,6,35,18,0,3,0,6,8,9,12,8,9,0,6,20,2,7,4,13,7,13,9,8,10,12,4,1,4,1,2,0,1,2,10,54,5,0,1,8,6,0,0,0,3,9,12,2,2,2,3,1257,1,6,1,6,3,8,0,4,21,38,77,3,5,2,2,48,3,27,1,3,1,11,1,3,19,8,0,5,3,37,7,91,10,4,0,0,5,16,5,4,36,1,9,11,9,0,6,5,3,10,24,4,1,12,6,9,7,1,7,0,4,2,7,5,1,5,444,3,0,44,4,5,21,3,2,16,16,11,9,11,0,8,47,1,4,10,0,3,5,7,14,5,1,3,70,23,13,9,3,8,9,2,738,0,3,7,10,5,2,3046,16,0,9,1,3,2,3,8,2,3,7,2,2,1,0,0,0,5,0,1,3475,12,16,1,4,2,0,1,13,1,6,170,3,0,1,5,2,16,7,6,7,0,9,3,4,7,10,0,24,15,41,5,1,1,9,0,1,0,5,4,3,54,5,2,3,2,23,0,2,1,2,1,39,2,3,0,20,0,6,5,2,6,5,1,49,109,4,13,31,2,2,1,0,41,1,6,26,5,2,4,12,8,2,5,2,3,44,1,3,13,43,0,1944,2,7,4,3,6,1,15,3,12,17,9,2,3,4,5,10,19,2,3,7,6,2,167,28,7,0,14,7,7,1,5,7,1,2,5,8,6,1,4,10,3,7,0,5,1,0,10,6,3,0,15,1,0,13,2,0,14,1,0,1,7,7,0,0,52,14,1,0,13,1,2,30,29,10,5,1,3,6,2,8558,13,6,514,7,5,1,5,6,8,13,8361,2,6,3,5,4
MAGEA2B,ENSG00000183305.13,0,0,0,0,0,0,0,0,0,0,0,0,0,0,0,0,0,0,0,0,2,0,0,0,0,0,0,0,0,0,2,0,0,0,0,0,0,0,0,0,0,0,0,15,0,0,0,0,0,0,0,0,0,0,0,0,10,0,0,0,0,0,0,1,0,0,0,0,0,0,0,0,0,0,0,2,0,0,1,0,0,0,5,2,0,0,0,0,0,1,0,0,11,0,0,10,0,0,0,0,4,0,0,0,0,0,0,0,0,0,0,0,0,0,0,0,0,0,2,0,0,0,0,0,0,0,0,0,0,0,0,0,0,0,0,2,0,0,0,0,15,0,0,0,0,0,0,0,0,0,0,0,0,0,1,0,0,0,0,1,0,0,0,0,0,0,0,0,0,0,0,0,0,0,2,8,0,0,0,0,0,0,0,0,0,0,3,2,0,0,0,0,0,0,0,0,0,0,0,0,0,0,0,0,0,0,0,0,0,0,0,0,0,0,0,0,0,0,0,0,0,0,0,2,0,0,0,0,0,0,0,0,0,0,0,2,0,0,0,0,0,0,0,0,0,0,0,0,0,10,0,0,1,0,0,0,0,0,0,0,0,0,0,0,0,0,0,0,0,0,0,0,0,0,0,0,0,0,0,0,1,0,6,0,0,0,0,0,0,0,0,0,0,0,0,0,0,0,0,5,0,0,0,0,0,0,0,0,0,0,8,0,0,0,0,0,0,0,0,0,0,0,0,0,0,0,0,0,0,0,0,0,0,0,0,0,0,0,0,0,0,0,0,0,0,0,0,0,0,0,0,0,0,0,1,0,0,0,0,5,0,0,0,0,0,0,0,0,8,0,1,2,0,0,0,2,1,3,0,0,0,0,0,0,0,0,0,0,0,0,0,0,0,0,0,1,0,0,0,0,0,0,0,0,0,0,0,0,0,0,8,1,0,0,0,0,0,0,0,0,0,0,0,0,0,0,0,0,1,0,0,0,0,0,1,0,0,0,0,2,0,0,0,0,0,0,0,0,0,0,0,0,0,0,0,0,0,0,10,0,0,1,0,0,0,0,0,0,0,0,0,0,0,0,0,0,0,0,0,0,0,0,0,0,0,0,6,0,0,0,0,0,0,0,0,0,0,21,0,0,0,0,0,0,0,0,0,0,0,0,1,0,0,0,0,0,0,0,0,0,0,1,0,0,0,0,0,1,0,0,0,0,0,0,0,0,0,0,0,0,0,0,0,0,0,0,0,0,0,0,0,0,0,8,1,0,0,1,0,0,1,0,0,0,0,12,0,0,0,0,0,0,0,4,0,0,12,0,13,0,0,0,0,0,0,0,0,0,0,0,0,0,0,0,0,0,0,0,0,0,0,10,0,0,0,0,0,0,0,0,0,0,0,0,0,0,0,0,0,0,0,0,0,0,0,0,0,0,0,0,0,0,0,0,0,0,0,0,0,0,0,0,5,0,0,0,0,0,0,0,0,0,0,0,0,0,0,0,0,0,0,3,0,0,0,0,0,0,0,0,0,0,0,0,0
MAGEA13P,ENSG00000183981.8,0,0,0,0,0,0,0,0,0,0,0,0,0,0,0,0,0,0,0,0,0,0,0,0,0,0,0,0,0,0,0,1,0,0,0,0,0,0,1,0,0,0,0,0,0,0,0,0,0,0,0,0,0,0,0,0,0,0,0,0,0,0,0,0,0,0,0,0,0,0,0,0,0,0,0,0,0,0,0,0,0,0,0,0,0,0,0,0,0,0,0,0,0,0,0,0,0,0,0,0,0,0,0,0,0,0,0,0,0,0,0,0,0,0,0,0,0,0,0,0,0,0,0,0,0,0,0,0,0,0,0,0,0,0,0,0,0,0,0,0,0,0,0,0,0,0,0,0,0,0,0,0,0,0,0,0,0,0,0,0,0,0,0,0,0,0,0,0,0,0,0,0,0,0,0,0,0,0,0,0,0,0,0,0,0,0,0,0,0,0,0,0,0,0,0,1,0,0,0,0,0,0,0,0,0,0,0,0,0,0,0,0,0,0,0,0,0,0,0,0,0,0,0,0,0,0,0,0,0,0,0,0,0,0,0,0,0,0,0,0,0,0,0,0,0,0,0,0,0,0,0,0,0,0,0,0,0,0,0,0,0,0,0,0,0,0,0,0,0,0,0,0,0,0,0,0,0,0,0,0,0,0,0,0,0,0,0,0,0,0,0,0,0,0,0,0,0,0,0,0,0,0,0,0,0,0,0,0,0,0,0,0,0,0,0,0,0,0,0,0,0,0,0,0,0,0,0,0,0,0,0,0,0,0,0,0,0,0,0,0,0,0,0,0,0,0,0,0,0,0,0,0,0,0,0,0,0,0,0,0,0,0,0,0,0,0,0,0,0,0,0,0,0,11,0,0,0,0,0,0,0,0,0,0,0,0,0,0,0,0,0,0,0,0,0,0,0,0,0,0,0,0,1,0,0,0,0,0,0,0,0,0,0,1,0,0,0,0,0,0,0,0,0,0,0,0,0,0,0,0,0,0,0,0,0,0,0,0,0,0,0,0,0,0,0,0,0,0,0,0,3,0,0,0,0,2,0,0,1,0,0,0,0,0,0,0,0,0,0,0,0,0,0,0,0,0,0,0,0,0,0,0,0,0,0,1,0,0,0,0,0,0,0,0,0,0,0,0,0,0,0,0,0,0,0,0,0,0,0,0,0,0,0,0,0,0,0,0,0,0,0,0,0,0,0,0,0,0,0,0,0,0,0,0,0,0,0,0,0,0,0,0,0,0,0,0,0,0,0,0,0,0,0,0,0,0,0,0,0,0,0,0,0,0,0,0,0,0,0,0,0,0,0,0,0,0,0,0,0,0,0,0,0,0,0,0,0,0,0,0,0,0,0,0,0,0,0,0,0,0,0,0,0,0,0,0,0,0,0,0,0,0,0,0,0,0,0,0,0,0,0,0,0,0,0,0,0,0,0,0,0,0,0,0,0,0,0,0,0,0,0,0,0,0,0,0,0,0,0,0,0,0,1,0,0,0,0,0,0,0,0,0,0,0,0,0,0,0,0,0,0,0,0,0,0
MAGEA11,ENSG00000185247.15,0,2,0,1,2,0,0,0,5,6,4,0,0,12,4,3,0,1,84,0,36,0,2,2,0,0,26,0,0,0,1,3,0,0,0,3,0,1,1921,0,0,15,0,0,0,0,0,1,0,1,13,6,0,3,3,703,2,12,0,0,0,0,1,0,0,0,0,0,4,0,8,0,0,0,2,0,1,0,264,8,1,7,5,2,78,0,0,5,0,2,0,0,25,0,16,1846,0,0,0,0,4,0,0,0,0,0,213,0,0,0,15,0,0,3,11,13,1,0,0,2,4,1,2,0,4,6,0,0,0,0,0,48,2,1,9,23,1,1,1,757,0,0,0,1,6,2,44,0,6,9,4,0,0,1,123,3,2,0,0,0,0,1,1,0,0,2,0,1,2,1,0,4,6,0,13,0,0,0,7,3,3,0,0,2,1,0,232,10,10,0,2,2,1,0,0,1,0,10,4,2668,1,0,0,0,0,1,0,1,0,2,0,0,0,0,1,0,16,2,0,0,9,2,0,2,1,0,1,1,3,2,0,0,0,15,15,2,1,0,0,2,2,19,0,0,1,0,0,99,0,16,1,24,0,9,0,2,1,2,4,0,7,4,0,3,1,0,57,0,11,0,5,0,0,0,1,0,3,0,1,11,2,1,2,0,7,1,1,1,4,6,0,0,4,0,3,0,0,1,0,0,0,1,660,12,10,0,9,0,0,0,3,2,0,1,0,2,0,0,2,0,0,0,2,1,3,0,0,0,0,1,1,1,3,2,7,0,0,0,1,1,2,15,6,0,0,1,1,0,4,0,1,0,1,0,0,11,0,19,4,0,1,1,0,0,3,1,3,0,259,0,5,0,0,21,6,0,0,1,0,0,205,0,1,0,2,8,0,3,0,13,12,0,0,2,1,11,0,0,0,3,0,1,1,0,0,1,14,0,0,0,150,0,0,0,0,0,0,0,2,0,4,0,0,30,0,0,13,0,0,1,2,0,0,2,0,0,0,0,0,3,1,0,8,11,1,1,2,1,1,0,8,0,0,6,0,9,16,0,85,1,0,0,1,5,1,4,57,1,0,3,0,6,0,8,0,0,0,2,5,8,3,0,0,0,1,2,1,0,0,0,1,3,0,9,0,0,0,58,3,0,0,1,0,1,0,0,6,9,2,1,3,1,0,0,0,0,0,5,1,3,15,42,5,0,0,3,9,5,2,0,1,1,0,0,0,4,0,1,0,0,0,0,27,0,2,13,0,7,6,0,0,0,0,10,24,0,2,0,2,0,6,5,3,0,1,272,0,31,0,171,3,0,2,2,0,0,339,3,569,0,2,0,0,1,0,0,0,2,1,2,0,0,0,9,5,59,38,16,16,7,0,8,0,0,1,1,0,1,2,0,0,9,0,0,0,0,0,1,0,0,2,1,1,0,4,6,2,0,9,16,1,9,0,0,3,3,0,1,0,0,3,0,0,5,16,1,1,0,1,4,26,24,16,2,0,0,0,0,0,19,0,8,1,16,0,0,0,0,2,3,0,0,0,1,0
MAGEA6,ENSG00000197172.10,0,0,0,0,0,23,0,0,0,5,26,0,0,0,115,0,0,0,0,1,27,0,1,0,3,0,8,77,0,0,711,0,0,0,1,14,0,0,2292,0,0,3,0,2819,0,0,0,0,0,0,30,0,0,210,0,382,2868,17,0,0,0,0,0,26,0,0,39,0,0,0,0,0,137,0,0,883,0,0,174,0,0,0,4063,1546,0,0,0,133,0,612,0,68,11961,0,0,9519,0,0,0,0,3117,0,0,0,0,0,0,0,0,1,10,0,79,0,0,7,0,8,5343,0,1,0,0,0,104,711,0,623,0,0,0,0,0,1,0,224,0,129,0,5087,6967,0,0,0,0,0,0,2480,0,0,0,0,0,18,1451,0,455,0,5992,0,0,6,0,0,0,0,0,7,0,0,7,1,0,604,663,4917,0,0,0,0,0,2,0,10,0,0,1784,369,0,0,0,0,0,1,9,0,0,9,1,6920,0,1,0,0,0,0,0,0,0,0,5,100,0,0,0,0,0,0,9,0,0,162,0,31,0,0,0,0,0,601,0,0,1,2,162,60,0,0,0,0,2,0,0,0,0,0,14,14,0,14555,850,0,0,1,0,0,30,0,0,0,0,15,0,0,0,0,540,0,0,0,0,0,29,23,0,0,0,0,0,0,1351,0,1599,0,0,0,0,0,0,1,7,0,0,0,1,0,0,0,0,2812,0,0,201,3,0,0,0,0,2,0,2485,0,11,0,1,0,0,0,0,0,0,0,180,0,0,0,3,0,0,0,0,253,0,0,1,0,0,0,0,0,0,0,3,0,19,0,2,0,0,0,0,0,0,0,1,1090,0,4,24,3136,374,0,0,0,0,0,2,0,3507,0,588,4291,0,8,0,2491,0,1074,5,0,1026,192,0,0,0,1559,0,0,1,8,0,1,1436,0,5,0,1,5,3,0,0,0,0,1,0,0,0,0,0,0,2311,0,2,376,34,31,0,0,0,0,0,0,1,17,1,0,7,0,0,1,0,0,0,0,0,0,0,0,0,0,0,4,1,4,0,0,262,0,0,1,0,0,4,0,0,0,0,0,3868,0,0,0,0,0,0,1,3,56,0,0,0,0,1,2,0,1,0,1,8,0,0,0,0,0,0,1,3724,0,15,0,0,0,7,0,0,0,0,3640,0,0,0,0,0,407,0,0,0,0,0,0,4122,1,2,0,0,0,0,0,0,1,0,2514,0,0,0,0,0,68,1105,0,0,0,0,0,0,6,0,0,0,0,0,0,217,0,238,1,3331,0,1,753,0,0,0,5633,5,0,0,0,0,0,2,0,2,0,7,6541,0,7,2,6,0,0,0,3930,0,0,3859,9,4074,0,0,0,4,0,0,0,0,24,0,0,0,0,0,0,0,0,0,0,0,16,0,8369,0,0,0,136,0,0,0,0,0,0,0,0,1,0,0,3,0,0,0,9,0,0,0,0,2884,0,0,1,0,1,0,192,241,2,0,2664,0,0,0,3,2564,0,0,0,0,0,0,1,1,0,0,0,0,0,0,3,2,0,0,7494,287,0,0,0,0,0,0,0,0,0,1,2,0
MAGEA1,ENSG00000198681.7,0,0,2274,0,0,304,0,0,1,35,100,5,0,0,24,0,0,0,0,293,8,11,19,330,93,4,7,1,0,44,4,0,8,0,3,17,4,2,704,1,0,1,3,1,0,0,108,1,0,19,38,0,0,3,0,781,3,3386,0,0,0,1,0,270,0,46,0,0,0,0,14,0,1,0,26,0,7,5,8,14,2,0,5,1,1,1,0,0,0,0,0,11,4291,0,9,5,0,0,0,0,0,0,172,0,99,2,1,0,0,0,7,0,5,0,30,649,0,0,15,2,0,0,0,2,81,3,3,1,0,0,0,0,0,1,0,3939,0,0,0,3311,3961,0,4,1,8,0,4,30,0,0,0,6,0,424,1822,10,1,12,0,15,0,0,0,125,0,9,2,9,0,0,0,24,0,1,151,17,0,0,0,0,0,798,0,4,1,0,139,0,50,0,0,0,208,0,351,0,0,5,2,27,4,9,0,0,0,2,0,6,0,0,2296,0,0,0,5,0,30,0,1,0,0,0,0,19,2604,0,562,0,1,0,0,3864,0,25,12,4,0,0,0,0,294,0,0,3,91,74,10,88,1,35,6,100,0,0,0,0,3,0,0,1,1,14,0,0,0,10,6,2,0,0,11,0,0,12,1,0,1469,0,172,0,0,0,2,0,0,0,0,0,0,0,0,0,1,5,0,0,0,3578,4250,14,33,2,60,171,0,30,5,0,0,0,9,0,3,0,0,0,0,0,65,0,0,1,8,0,1,0,16,0,0,15,0,0,0,0,0,2,2,0,0,5,117,0,683,1,8,0,2,0,51,0,1,1,0,38,0,54,0,2,0,0,1,3,0,6,0,0,338,0,152,0,6,64,0,4,0,3,19,6,2,17,0,3,1721,2,0,4,0,0,0,5,37,0,0,3,1,6,0,68,5,0,32,0,0,1,1,0,1,13,0,0,1189,0,4,17,0,0,0,0,0,5,0,0,37,14,0,110,10,0,0,1,1,0,0,121,0,0,3868,5,0,3753,14,2,0,0,1,1,78,1,1,0,7,0,15,0,0,1,0,2,193,0,0,3,0,0,0,2,0,18,10,0,8,4,0,0,0,0,0,0,0,0,0,0,0,0,0,1550,604,0,6380,0,7,0,1,0,0,0,0,37,2,0,0,760,4,12,2,0,1,0,108,0,991,0,0,0,0,0,4,0,0,0,0,5,9,1,0,0,0,8,3,1,1,239,0,0,0,0,0,0,0,58,0,0,24,1,151,2,397,0,2,0,0,0,0,816,7,0,0,0,0,32,0,0,23,1,0,752,0,813,12,21,12,0,0,61,0,0,89,0,432,0,0,0,0,4443,57,0,43,0,5,1,0,0,18,0,13,63,0,0,0,2,0,92,4,0,32,162,2,0,517,1,1,2,0,0,0,2,6,341,0,4,0,2,0,0,0,0,0,0,173,5,1700,1,0,72,0,0,0,3024,2471,0,0,0,0,2,3,0,0,0,0,2,5,6,4,0,0,0,0,0,303,1,1,6091,3,2,0,0,0,3,0,1,0,0,0,4,24
MAGEA12,ENSG00000213401.10,0,1,0,1,0,7,2,0,1,1198,93,0,0,2,56,0,0,0,0,0,103,1,0,5,2,0,7,0,0,0,413,0,0,0,0,9,0,2,1791,0,0,0,0,9,0,0,0,0,0,1,30,0,0,36,0,15,1787,43,0,0,1,0,1,149,0,1,0,0,1,0,0,0,0,0,0,260,0,4,86,59,9,0,2341,1114,1,0,0,0,0,0,0,93,7070,1,11,3254,0,1,0,0,2489,0,0,1,0,2,0,4,0,0,1,0,26,0,4,0,1,2,1318,0,0,1,0,5,71,46,0,93,0,0,0,0,0,0,4,433,0,0,0,3,4750,0,2,0,2,0,1,1735,0,0,1,0,0,3,2260,0,172,1,1,2,0,1,0,0,0,0,0,1257,0,0,31,0,0,1,1439,3127,3,0,0,0,0,0,0,1,0,0,1672,331,5,1,1,0,1,0,51,1,0,1,0,0,2,0,1,0,0,0,0,1,0,0,1,1,0,0,1,6,36,0,63,1,1,0,2,106,0,0,1,0,0,70,0,0,2,1,329,1483,0,0,0,0,11,0,0,0,0,2,1,21,0,8238,0,0,1,2,0,0,5,2,2,0,2,15,0,0,1,0,31,0,0,0,1,0,0,51,0,0,0,2,0,0,2,0,10,0,0,2,1,0,0,0,4,0,0,0,2,0,0,0,0,1676,0,1,0,1,0,1,0,0,0,0,1801,3,2,0,0,1,0,2,0,1,0,0,354,2,1,0,0,0,0,0,0,304,0,0,0,1,0,0,0,0,3,1,0,1,0,0,0,1,0,0,1,0,0,0,0,776,0,0,5,0,0,0,0,0,0,0,1,0,899,0,255,1957,3,10,0,1564,0,891,5,0,38,105,0,0,0,0,0,0,0,2,5,2,0,0,0,0,0,0,0,1,4,0,0,7,2,0,0,0,0,0,133,1,0,8,0,1,0,0,0,0,0,1,2,0,1,6,8,1,0,1,0,0,0,0,0,0,0,0,12,0,0,0,2,0,6,1,78,0,0,0,8,2,4,0,0,0,0,0,2320,0,0,0,0,0,0,6,2,74,0,215,0,3,0,0,4,0,0,0,0,2,4,0,2,0,1,3,2161,0,0,0,0,0,3,0,0,2,0,2357,1,0,0,0,0,20,67,0,1,0,0,0,42,2,0,0,0,0,0,0,2,1,0,2133,0,0,0,0,0,721,33,0,0,1,0,0,0,1,0,0,0,3,0,0,44,0,78,0,97,0,0,1,2,0,0,463,3,1,0,0,0,0,0,0,319,0,10,5275,0,2,1,9,0,0,1,3022,0,0,2230,0,2303,0,0,0,32,2,1,0,1,70,2,0,0,0,1,0,0,0,0,0,0,3,0,679,4,0,4,117,0,0,0,0,0,0,0,0,1,1,54,0,1,0,0,0,0,1,0,0,141,0,3,2,0,1,0,164,5,0,1,3,1,0,0,6,1,0,0,0,0,0,0,22,0,0,8,0,1,1,0,4,0,2,0,2389,0,0,0,1,0,3,0,1,0,0,3,0,0
MAGEA3,ENSG00000221867.9,0,0,0,0,0,0,0,0,2,0,311,0,0,0,113,0,0,0,0,0,66,0,0,0,3,0,21,112,0,0,648,0,0,0,9,23,0,0,2035,0,0,5,0,590,0,0,0,0,0,0,0,0,0,110,1,382,1624,38,0,0,0,0,0,51,0,0,897,1,0,0,1,0,20,0,0,186,0,0,87,13,0,0,4279,180,0,0,0,289,0,750,0,85,13687,1,0,10342,0,0,0,0,3506,0,0,0,0,0,1,0,0,0,14,0,157,2,5,8,0,4,5673,0,0,1,0,1,85,21,0,1473,0,0,0,0,0,0,0,599,8,18,0,3043,7157,0,2,0,0,0,1,2852,0,0,0,0,0,3,3440,0,410,1,6682,0,0,5,0,0,0,0,0,2,0,0,11,5,0,149,290,5639,0,0,0,0,0,0,0,5,0,0,2141,440,5,1,0,0,1,1,34,0,0,5,5,6821,0,0,0,0,0,0,0,0,0,0,23,370,1,0,0,0,54,1,1,0,0,411,0,457,0,0,0,0,2,1689,0,0,2,0,2138,2999,0,2,0,0,22,0,0,0,0,5,19,9,0,16334,77,0,0,0,0,1,13,0,0,0,0,38,0,0,0,0,1216,1,0,0,0,0,18,313,0,0,0,0,0,1,916,0,2039,0,0,0,0,0,0,1,8,0,0,0,0,0,0,0,0,3762,0,0,63,1,0,0,0,0,0,0,3319,0,5,0,0,1,0,0,0,0,0,0,276,1,0,0,3,0,0,0,0,196,0,0,0,1,0,0,0,0,0,0,0,0,29,15,343,0,0,0,0,0,1,0,4,2584,0,4,80,3810,72,0,0,0,0,0,6,0,3686,0,567,4160,0,1,0,2528,0,1217,25,0,1056,288,0,0,0,351,0,1,1,12,0,4,1883,2,7,0,0,0,5,0,0,0,0,4,0,0,0,0,0,0,766,0,1,1737,3,6,0,0,0,0,0,0,0,14,0,5,5,0,0,1,0,0,0,0,0,0,9,0,0,0,0,0,0,0,1,45,231,0,0,0,6,0,2,0,0,0,0,0,5086,0,0,0,0,7,0,3,0,24,0,0,0,0,0,5,0,0,0,5,5,0,0,0,1,0,1,0,1525,0,31,0,0,0,10,0,0,1,0,4174,0,0,0,0,0,950,0,0,0,0,1,0,5399,0,1,0,1,0,0,0,0,0,0,2489,0,1,0,0,0,807,3561,0,0,0,0,0,0,18,0,0,0,8,0,0,1321,0,123,2,4010,0,0,57,0,0,0,6089,10,0,0,0,0,0,3075,0,899,0,6,7217,0,713,0,1189,0,0,0,4714,0,0,4312,0,4716,0,0,0,173,2,1,1,0,23,1,0,0,0,0,0,0,0,0,0,0,72,0,10752,0,0,1,280,0,0,0,0,0,0,0,0,0,0,2,2,4,0,0,14,0,0,0,0,178,0,0,15,0,2,0,295,1027,0,1,2505,0,0,0,8,2963,0,0,0,0,0,0,1,0,0,4,0,0,0,0,3,0,0,0,4154,561,0,0,0,0,0,0,10,1,0,0,1,0
MAGEA7P,ENSG00000224732.1,0,0,0,0,0,0,0,0,0,0,0,0,1,0,0,0,0,0,0,0,0,0,0,0,0,0,0,0,0,0,0,1,0,0,0,0,0,0,0,0,0,0,0,0,1,0,0,0,0,0,0,0,0,0,0,0,0,0,0,0,1,0,1,0,3,0,0,1,0,0,0,0,0,0,0,0,0,0,0,0,0,0,1,0,0,0,0,0,0,0,0,0,2,0,0,1,0,0,0,0,0,0,0,0,0,0,0,0,0,0,0,1,1,0,0,0,0,0,0,0,0,0,0,0,0,0,0,0,0,0,0,0,0,0,0,1,0,0,0,1,0,0,0,0,1,0,0,0,0,0,0,0,0,0,0,0,0,0,0,0,1,0,0,0,0,0,0,0,0,0,0,0,0,0,0,0,0,0,0,0,0,0,0,0,0,0,0,1,0,0,0,0,0,0,0,0,0,0,0,1,0,0,0,0,0,0,0,0,1,0,0,0,0,1,0,0,1,0,0,0,0,0,0,0,0,0,2,1,0,0,1,0,0,0,0,1,0,0,1,0,0,0,0,0,0,0,0,1,0,1,0,0,0,0,0,0,0,0,0,0,1,0,0,0,0,0,0,1,0,0,0,0,0,0,0,0,0,0,0,0,0,0,0,0,0,0,0,0,0,0,0,0,0,1,0,0,0,0,0,0,0,0,0,0,1,0,0,0,0,0,1,2,0,0,1,0,0,0,0,2,0,0,0,0,0,0,0,0,2,0,0,0,0,1,0,0,0,0,0,0,1,1,0,0,0,0,0,0,0,1,0,0,0,0,1,0,0,0,0,0,0,0,1,0,0,0,0,0,0,0,0,1,0,1,0,1,0,0,0,0,0,0,0,0,0,0,0,2,1,0,0,1,0,1,0,0,0,0,0,0,2,0,1,0,0,0,0,0,0,1,0,0,0,0,0,0,0,0,0,2,0,0,0,0,0,0,3,0,0,0,0,0,3,0,0,111,0,0,0,0,0,0,0,0,0,0,0,0,0,0,0,0,0,0,0,0,0,0,0,0,0,0,0,0,0,0,0,0,0,1,0,0,0,0,0,0,1,1,0,0,0,0,0,2,0,0,1,0,0,0,0,0,0,0,0,0,0,1,0,0,0,0,0,0,0,0,1,0,1,0,0,0,0,0,0,0,0,0,0,0,0,0,0,0,0,0,0,2,0,0,0,0,0,0,0,0,0,0,0,0,0,0,0,0,1,0,0,0,0,0,0,3,0,0,1,0,0,0,0,0,0,0,0,0,0,0,0,0,0,0,0,0,0,0,0,0,0,0,0,0,1,0,1,0,0,0,0,0,0,0,0,0,0,0,0,2,0,0,0,0,0,1,0,0,0,0,0,0,0,0,0,0,0,1,0,1,0,1,0,0,0,0,0,0,0,0,0,0,0,0,0,0,0,0,0,0,0,0,0,1,0,0,0,0,0,0,0,0,0,0,0,0,3,0,0,0,0,0,1,1,0,1,0,0,0,0,2,0,0,0,0,0,0,0,0
MAGEA4-AS1,ENSG00000229967.1,0,1,0,0,2,0,35,0,0,1,0,0,0,0,0,0,0,8,0,0,0,1,0,0,0,0,1,0,1,0,0,0,0,0,0,0,0,0,0,0,0,1,0,37,0,0,0,0,1,0,0,0,0,0,2,0,0,0,0,26,0,0,0,1,0,0,0,0,0,0,0,0,26,0,0,21,0,0,0,0,0,0,15,0,0,0,0,0,0,81,0,0,50,0,0,0,0,0,0,0,276,0,0,0,0,0,0,1,0,0,2,0,0,0,0,0,0,0,0,0,0,0,0,0,0,0,0,0,0,0,0,0,0,0,0,0,0,0,0,0,61,0,0,0,0,0,0,1,0,0,0,0,0,0,15,0,0,0,5,0,0,0,0,0,0,0,0,1,0,0,0,0,0,0,33,60,0,0,0,0,0,0,0,0,0,0,163,1,0,0,0,0,0,0,0,91,0,0,0,753,0,0,0,0,0,0,0,0,0,0,0,0,0,0,0,0,0,0,0,0,0,3,0,0,1,0,0,0,0,0,0,0,0,0,0,63,1,0,0,0,0,0,0,0,0,0,0,2,0,1,0,0,1,0,0,0,0,0,0,0,0,0,0,0,0,0,266,0,0,0,0,0,3,0,0,0,2,0,0,0,0,0,0,0,0,31,0,0,0,0,0,0,0,0,0,0,0,0,0,0,0,0,14,0,0,0,3,0,1,0,41,0,0,0,0,0,0,0,0,0,0,0,0,0,0,0,0,0,0,0,0,0,0,0,0,0,0,0,0,0,383,1,0,0,0,0,0,0,0,0,0,0,2,0,287,0,0,0,170,0,0,0,0,0,0,0,1,0,151,0,0,18,0,4,1,1,0,3,0,0,175,0,0,1,0,25,0,0,0,0,0,104,0,0,0,0,0,0,0,0,0,0,0,0,0,0,0,0,0,0,50,0,0,0,12,0,0,0,0,0,0,0,0,3,0,0,6,4,1,247,0,0,0,1,0,4,0,0,0,0,0,0,0,0,0,0,0,0,0,0,1,0,0,0,0,0,0,0,297,0,0,0,0,0,0,0,1,0,0,0,0,0,0,0,0,0,0,6,0,0,0,0,0,0,0,0,0,0,0,0,0,0,0,0,0,28,0,166,0,0,0,0,0,0,0,0,0,0,0,0,26,0,0,0,1,0,0,0,1,0,0,21,0,0,0,0,132,0,295,0,1,0,0,0,0,2,0,0,0,0,0,0,0,0,0,6,0,0,0,0,1,0,0,1,0,0,0,0,0,0,1212,0,0,0,0,125,0,0,0,1,0,0,0,6,0,0,181,423,190,0,0,0,104,0,0,0,0,1,0,0,0,0,0,1,0,0,0,0,0,200,0,0,0,0,1,0,0,0,0,0,0,0,0,0,0,0,0,0,0,0,0,206,0,0,0,1,1,0,0,0,0,2,0,0,0,0,0,1,0,0,0,0,0,0,0,0,0,0,0,0,0,0,1,0,0,1,0,0,0,0,0,10,0,0,0,0,0,0,0,0,0,0,0,0,0
MAGEA8-AS1,ENSG00000230899.1,1,1,22,1,7,0,6,0,1,1,0,3,0,0,1,1,9,2,29,0,1,0,0,0,0,0,0,0,3,5,8,3,11,5,5,1,2,2,0,1,0,0,2,0,5,0,0,8,0,1,2,19,0,3,1,2,0,4,4,0,5,0,1,6,2,2,1,3,4,0,1,0,1,1,0,2,1,0,1,0,1,2,35,1,1,0,0,1,2,0,2,0,2,0,0,8,4,0,1,3,6,1,1,1,11,3,12,2,1,2,1,4,3,0,13,1,1,5,0,15,5,0,0,0,8,0,0,1,4,2,1,1,7,1,1,2,0,3,0,1,7,2,7,6,3,1,0,0,1,7,2,0,1,3,3,3,0,1,2,3,13,2,2,2,3,10,6,1,0,0,2,10,0,0,0,0,2,0,0,1,0,5,2,0,5,0,1,0,1,6,3,3,2,0,5,0,1,2,1,21,0,1,0,0,0,1,2,6,1,0,0,0,4,2,3,1,6,2,4,0,6,0,4,2,2,3,0,1,0,2,0,2,5,0,0,6,0,1,0,0,5,5,1,0,2,0,2,5,5,18,0,4,0,0,0,3,1,0,2,0,8,11,0,1,2,1,3,4,1,8,3,2,1,50,4,1,0,6,6,10,1,2,1,8,1,2,1,1,3,1,1,0,1,3,1,2,6,2,0,6,2,1,0,5,5,3,17,9,0,2,0,3,2,2,2,3,0,0,0,8,3,0,3,4,8,4,1,1,5,4,1,1,1,1,1,0,0,0,2,1,0,2,1,2,6,0,0,0,0,9,2,0,0,1,0,10,0,2,0,1,1,1,3,1,5,7,18,1,1,2,0,18,0,1,5,2,0,0,3,0,0,4,2,6,3,8,4,11,1,1,0,0,2,5,2,2,12,1,4,1,0,0,4,0,0,1,3,0,0,2,2,1,0,0,1,0,1,0,1,1,0,0,6,6,1,14,7,0,2,9,0,5,11,3,0,0,0,5,8,0,1,1,1,0,1,2,4,1,1,0,20,10,2,3,1,2,2,1,41,2,1,4,2,2,0,53,12,0,0,0,1,1,1,5,2,2,2,0,6,0,0,1,0,0,1,0,47,3,4,1,1,0,0,0,4,1,0,4,1,1,0,2,0,4,4,5,1,2,1,12,0,1,3,2,4,6,31,3,0,0,6,0,0,1,0,1,0,21,1,0,2,0,6,0,4,0,0,3,22,0,0,0,5,0,3,5,0,7,2,0,23,21,3,0,9,1,2,0,0,0,0,1,4,3,3,1,3,0,2,1,0,1,47,1,1,4,0,0,28,0,0,5,0,3,1,7,1,7,5,5,1,0,0,7,7,8,3,0,0,5,1,163,17,4,1,2,0,3,0,1,2,3,1,5,3,9,1,0,1,1,6,0,6,2,0,2,2,1,0,2,2,1,6,2,1,3,0,0,0,2,0,0,0,14,6,3,0,2,2,0,7,0,9,5,1,2,2,0,110,4,6,16,2,0,2,3,1,3,7,118,4,5,3,4,0
MAGEA5,ENSG00000242520.5,1,1,2,2,1,0,0,0,0,1,0,0,0,0,0,0,0,0,0,0,0,0,0,0,0,0,0,0,0,0,11,0,0,0,0,0,0,0,0,0,0,0,0,0,0,0,0,0,0,0,0,1,0,0,0,1,0,0,0,0,0,0,0,0,0,0,0,0,0,0,0,0,2,0,0,0,0,0,0,0,0,0,1,0,0,0,0,0,0,2,0,0,4,0,0,0,2,0,0,1,0,0,0,0,0,0,0,0,0,0,0,0,0,0,0,2,0,1,3,0,1,0,0,0,0,0,0,0,0,0,0,0,0,0,0,0,0,0,0,0,0,0,0,1,0,0,0,0,1,0,0,0,4,0,1,0,0,0,2,0,0,3,0,0,0,0,0,0,0,0,0,0,0,0,15,0,0,0,0,0,0,0,0,0,2,0,8,0,0,0,0,1,2,0,0,0,0,0,0,2,0,0,0,0,0,0,0,0,3,1,0,0,0,0,1,4,0,0,0,0,0,0,0,0,0,0,0,0,0,0,0,2,0,0,0,0,0,0,0,0,0,0,0,0,0,0,0,4,0,1,1,0,0,0,0,0,0,0,0,0,0,0,0,0,0,0,3,2,1,0,0,0,0,0,0,0,0,1,0,0,0,0,0,0,0,2,0,0,0,0,0,0,0,5,0,0,0,0,1,0,0,1,0,0,0,0,0,0,0,0,1,0,1,0,0,0,1,0,0,0,0,0,0,0,0,0,0,0,0,0,0,0,2,0,0,0,0,0,0,0,3,3,0,0,1,0,0,0,0,1,0,0,0,0,1,0,0,0,1,0,1,0,0,0,0,0,0,0,8,0,1,1,0,11,10,15,0,0,0,0,0,0,0,0,0,4,0,0,0,0,0,1,0,0,0,0,0,0,0,0,0,0,0,0,0,0,0,0,1,0,0,0,0,0,2,0,0,0,0,0,0,0,0,0,1,0,0,0,0,0,0,0,0,0,0,0,0,0,0,0,0,0,0,3,0,0,0,0,0,0,0,0,0,0,0,0,0,0,28,0,1,0,0,3,0,0,1,0,0,0,0,0,0,3,0,0,0,1,0,0,1,0,0,3,0,0,0,2,0,0,1,0,0,0,0,0,0,30,0,0,0,0,0,2,0,0,0,0,0,0,0,5,0,0,0,0,0,0,3,0,0,0,0,0,1,0,1,0,2,0,0,0,0,0,0,3,0,0,0,0,0,0,0,0,0,2,0,0,0,1,0,1,0,0,0,0,0,0,0,0,2,0,0,0,1,6,1,0,0,0,0,0,0,0,0,0,16,3,0,0,0,0,1,0,0,1,0,0,0,0,0,0,0,0,0,0,0,0,0,1,0,0,0,0,0,0,0,0,0,0,0,0,0,0,0,15,0,1,4,2,0,1,0,0,1,0,6,0,0,0,0,0,0,0,0,0,0,0,0,0,0,0,0,0,0,0,0,0,0,0,0,0,1,0,0,0,0,0,0,0,0,0,0,0,0,0,0,0,2,0,0,0,0,0,0
MAGEA10-MAGEA5,ENSG00000266560.5,0,1,7,6,0,0,0,3,0,1,0,0,0,0,0,0,0,0,0,0,0,0,1,0,0,0,0,1,0,0,26,3,0,0,0,1,0,0,0,0,0,5,0,0,0,0,0,0,0,0,0,1,0,0,0,1,0,0,0,0,0,0,1,0,0,0,0,0,0,0,0,1,0,0,0,1,0,1,0,0,0,0,2,0,0,0,0,0,1,2,0,0,4,0,0,0,1,0,0,0,2,0,1,0,0,0,0,0,0,0,0,0,0,0,0,3,0,0,3,0,0,0,2,0,0,0,0,0,0,0,0,0,0,1,0,2,4,0,0,1,0,0,0,0,0,0,0,4,0,0,1,0,1,0,2,0,0,6,1,0,0,2,0,0,0,0,0,0,0,1,0,0,0,0,14,2,0,0,2,0,1,0,0,0,2,0,4,3,0,0,0,1,0,1,0,0,0,0,0,2,0,0,0,0,2,0,0,0,2,2,0,0,0,1,0,11,0,0,2,0,0,0,0,0,0,0,0,0,0,1,0,10,0,0,0,0,2,0,0,0,0,0,1,0,0,0,0,14,0,2,9,0,0,0,0,0,0,0,0,1,0,0,0,0,0,0,6,0,1,0,0,0,0,0,0,0,0,4,0,2,2,1,0,1,0,8,0,0,0,3,0,0,3,3,0,0,0,0,0,0,0,5,2,0,0,0,0,1,2,4,2,1,0,0,0,0,4,0,1,0,2,0,0,0,0,0,0,1,0,0,0,3,11,0,0,0,0,0,1,0,3,1,1,0,4,0,0,0,0,0,0,0,0,0,1,4,0,0,2,0,0,0,1,0,0,2,0,0,17,0,0,5,0,4,8,8,0,0,0,0,1,0,0,0,0,1,1,1,0,0,0,4,0,0,0,0,0,0,0,0,0,0,0,0,0,3,0,0,0,0,0,0,0,0,0,0,0,0,0,0,0,0,0,0,0,0,2,0,1,1,0,0,0,2,0,0,0,0,0,0,2,0,0,1,0,0,1,0,0,0,2,1,1,0,1,0,0,0,53,0,0,0,4,14,5,0,0,0,0,0,0,0,2,3,0,0,0,7,2,0,5,0,0,2,1,0,0,0,0,0,3,0,0,0,0,0,0,37,0,0,1,0,0,2,0,0,0,0,0,0,0,6,1,0,0,0,0,0,14,2,0,1,0,1,2,0,4,6,7,0,0,0,0,0,0,18,1,0,0,0,0,0,0,0,0,3,0,0,0,0,0,0,0,0,0,0,2,0,0,0,1,0,0,0,2,6,0,0,0,0,0,0,0,0,0,0,15,2,6,0,0,0,0,2,0,4,0,1,0,4,0,0,0,0,1,0,0,0,0,1,0,0,0,0,0,0,0,0,0,0,0,0,0,9,0,19,0,0,7,1,0,5,0,0,0,0,14,0,0,2,0,0,0,0,2,0,2,0,0,0,0,0,0,0,0,0,0,0,0,0,0,0,0,3,0,0,0,0,0,0,0,2,0,1,1,0,0,0,7,0,0,0,0,0,0
MAGEA9B,ENSG00000267978.5,0,0,0,1,0,0,131,0,0,0,0,0,0,0,0,0,0,0,0,0,0,0,0,0,0,0,0,0,0,0,0,0,0,0,0,1,0,0,0,0,0,3,0,0,0,0,0,0,0,1,0,28,0,0,1,0,0,0,0,0,0,0,0,0,0,0,0,1,0,0,0,0,107,0,0,233,0,0,1,0,0,0,0,0,0,0,0,0,0,165,0,0,146,0,0,0,0,0,0,0,1,0,0,0,0,0,0,0,0,0,2,0,0,0,0,0,0,0,0,1,1,0,0,0,0,0,0,0,0,0,0,0,0,0,0,0,0,0,0,0,0,0,0,0,0,0,0,0,0,0,0,0,0,0,19,0,0,1,172,0,0,1,0,0,0,0,0,0,0,0,0,0,0,103,0,2,0,1,0,0,0,0,0,0,0,0,766,0,0,0,0,0,0,0,0,2,0,0,1,8,0,0,0,0,0,1,0,0,0,0,3,1,1,0,0,0,0,0,0,0,0,0,0,0,0,0,0,0,0,0,0,1,0,0,0,0,0,0,0,0,0,0,0,0,3,0,0,0,0,2,0,0,0,0,0,0,0,0,0,0,0,2,0,0,0,0,0,0,0,0,0,0,7,0,0,0,0,0,0,0,0,1,0,0,0,0,0,0,0,0,0,0,0,3,0,0,0,0,0,1,0,0,521,43,0,0,0,0,0,0,0,0,0,0,0,0,0,0,3,0,0,0,0,0,0,0,0,0,0,0,0,0,0,0,0,0,0,0,0,0,0,0,0,0,0,0,0,0,0,0,0,0,0,0,0,0,0,0,0,0,0,0,0,0,0,0,0,0,9,0,0,77,0,0,0,0,0,0,0,0,26,0,0,0,0,1,0,21,0,1,0,1,78,0,0,0,0,0,0,0,0,0,0,0,0,0,0,0,0,0,40,0,0,0,0,0,0,0,0,0,0,0,0,1,0,0,2,0,0,0,0,0,0,0,0,0,0,0,0,0,0,0,0,0,0,0,2,0,0,3,223,0,0,0,0,7,1,0,37,0,0,0,0,2,0,0,0,0,0,0,0,1,0,0,0,0,0,3,0,0,0,0,0,0,0,0,0,0,1,1,0,0,0,0,0,0,0,6,0,0,0,0,0,0,0,0,0,0,12,1,1,0,0,0,1,0,0,0,0,0,0,80,0,0,0,0,0,0,596,0,0,0,0,0,0,0,0,0,0,0,0,0,0,0,0,13,0,0,0,0,0,0,0,0,0,0,0,0,0,0,884,0,72,0,0,0,0,0,0,0,0,0,0,0,0,0,27,298,591,0,0,0,0,0,0,0,0,0,0,0,0,0,0,0,0,0,0,0,362,113,0,12,0,0,0,48,15,0,0,0,1,0,0,0,0,0,0,0,0,0,0,0,0,0,26,0,32,0,0,0,0,0,0,0,0,0,1,0,0,0,0,0,0,0,0,0,0,0,0,0,0,0,0,0,0,0,0,0,1,0,0,21,0,0,0,0,0,0,0,301,0,0,0,0,0
MAGEA2,ENSG00000268606.5,0,0,0,0,0,0,0,0,0,0,2,0,0,0,0,0,0,0,0,0,0,0,0,0,0,0,0,0,0,0,3,0,0,0,0,2,0,0,12,0,0,0,0,14,0,0,0,0,0,0,0,0,0,1,0,0,22,0,0,0,0,0,0,0,0,0,0,0,0,0,0,0,0,0,0,0,0,0,1,0,0,0,10,5,0,0,0,0,0,1,0,0,36,0,0,26,0,0,0,0,8,0,0,0,0,0,0,0,0,0,0,0,1,0,0,0,0,0,0,0,0,0,0,0,1,6,0,1,0,0,0,0,0,0,0,5,0,0,0,1,32,0,0,0,0,0,0,17,0,0,0,0,0,0,6,0,5,0,7,0,0,0,1,0,0,0,1,0,0,0,0,0,0,0,0,21,0,0,0,0,0,0,0,0,0,0,7,1,0,0,0,0,0,0,0,0,0,0,0,0,0,0,0,0,0,0,0,0,0,0,0,1,0,0,0,0,0,0,0,0,0,0,0,0,0,0,0,0,0,2,0,0,0,0,0,6,0,0,0,0,0,0,0,0,0,0,0,0,0,9,0,0,0,0,0,0,0,0,0,0,0,0,0,0,0,0,3,0,0,0,0,0,0,0,0,0,0,0,0,0,9,0,9,0,0,0,0,0,0,0,0,0,0,0,0,0,0,0,0,5,0,0,1,0,0,0,0,0,0,0,11,0,0,0,0,0,0,0,0,0,0,0,0,0,0,0,0,0,0,0,0,1,0,0,0,0,0,0,0,0,0,0,0,0,0,0,0,0,0,0,0,0,0,0,0,2,0,0,0,23,0,0,0,0,0,0,0,0,5,0,1,13,0,0,0,10,0,5,1,0,2,1,0,0,0,0,0,0,0,0,0,0,0,0,0,0,0,0,0,0,0,0,0,0,0,0,0,0,0,0,19,0,0,1,0,0,0,0,0,0,0,0,0,0,0,0,0,0,0,0,0,0,0,0,0,0,0,0,0,0,0,0,0,0,0,0,2,0,0,0,0,0,0,0,0,0,0,0,12,0,0,0,0,0,0,0,0,0,0,0,0,0,0,0,0,0,0,0,0,0,0,0,0,0,0,0,11,0,0,0,0,0,0,0,0,0,0,24,0,0,0,0,0,0,0,0,0,0,0,0,5,0,0,0,0,0,0,0,0,0,0,6,0,0,0,0,0,4,0,0,0,0,0,0,0,0,0,0,0,0,0,0,0,0,0,0,6,0,0,0,0,0,0,26,0,0,0,0,0,0,9,0,0,0,0,19,0,0,0,0,0,0,0,13,0,0,32,0,9,0,0,0,0,0,0,0,0,0,0,0,0,0,0,0,0,0,0,0,0,0,0,42,0,1,0,2,0,0,0,0,0,0,0,0,0,0,0,0,0,0,0,0,0,0,0,0,0,0,0,0,0,0,0,0,0,0,0,3,0,0,0,0,14,0,0,0,0,0,0,1,0,0,0,0,0,0,0,0,0,0,0,14,0,0,0,0,0,0,0,0,0,0,0,0,0
